Title	Series	Maker	Release Date	Actress	Age	U-18 Check
OUTN-0006	OUTN		2014-08-16	Ai Hanazawa	14y 7m	
OUTN-0007	OUTN		2014-09-16	Ai Hanazawa	14y 8m	
OUTN-0009	OUTN		2014-11-16	Ai Hanazawa	14y 10m	
CLSC-028	CLSC		2015-01-02	Ai Hanazawa	14y 11m	
CLSC-033	CLSC		2015-03-06	Ai Hanazawa	15y 1m	
TSDS-42074	TSDS		2015-05-22	Ai Hanazawa	15y 4m	
OUTN-0025	OUTN		2015-11-16	Ai Hanazawa	15y 10m	
OUTN-0039	OUTN		2016-05-16	Ai Hanazawa	16y 4m	
JSSM-001	JSSM		2013-12-13	Ai Saito	16y 3m	
MMR-368	MMR		2014-03-28	Ai Saito	16y 7m	
CTLD-003	CTLD		2014-05-23	Ai Saito	16y 9m	
SHI-012	SHI		2014-07-28	Ai Saito	16y 11m	
TOMATO-002	TOMATO		2015-03-20	Ai Saito	17y 7m	
THIA-001	THIA		2015-05-15	Ai Saito	17y 8m	
TASKS-036	TASKS		2015-08-20	Ai Saito	17y 12m	Likely
TRID-148	TRID		2010-09-22	Ai Yamagami	14y 5m	
IMOM-162	IMOM		2010-12-10	Ai Yamagami	14y 7m	
FEIR-0027	FEIR		2011-03-16	Ai Yamagami	14y 10m	
ICDV-31304	ICDV		2011-06-03	Ai Yamagami	15y 1m	
SBKD-0033	SBKD		2011-09-29	Ai Yamagami	15y 5m	
FEIR-0051	FEIR		2011-12-16	Ai Yamagami	15y 8m	
LCDV-40514	LCDV		2012-03-20	Ai Yamagami	15y 11m	
BSTAR-008	BSTAR		2012-06-29	Ai Yamagami	16y 2m	
DSTAR-008	DSTAR		2012-06-29	Ai Yamagami	16y 2m	
FRTE-0001	FRTE		2012-09-28	Ai Yamagami	16y 5m	
GUILD-022	GUILD		2012-12-20	Ai Yamagami	16y 8m	
LCDV-40571	LCDV		2013-03-20	Ai Yamagami	16y 11m	
BSTAR-023	BSTAR		2013-06-28	Ai Yamagami	17y 2m	
DSTAR-023	DSTAR		2013-06-28	Ai Yamagami	17y 2m	
ENFD-5495	ENFD		2013-09-20	Ai Yamagami	17y 5m	
TSDV-41604	TSDV		2014-01-24	Ai Yamagami	17y 9m	
XAM-092	XAM		2014-06-27	Ai Yamagami	18y 2m	Unlikely
JSSJ-105	JSSJ		2014-05-23	Aida Yuzuna	17y 11m	Very Likely
PEAC-005	PEAC		2013-04-23	Aika Ozaki	15y 7m	
PEAC-008	PEAC		2013-05-23	Aika Ozaki	15y 8m	
PEAC-009	PEAC		2013-07-23	Aika Ozaki	15y 10m	
PEAC-014	PEAC		2013-08-23	Aika Ozaki	15y 11m	
PDOL-014	PDOL		2013-10-23	Aika Ozaki	16y 1m	
PIXY-024	PIXY		2013-12-23	Aika Ozaki	16y 3m	
SBVD-0219	SBVD		2014-02-28	Aika Ozaki	16y 5m	
MMR-389	MMR		2014-05-30	Aika Ozaki	16y 8m	
MMR-405	MMR		2014-07-25	Aika Ozaki	16y 10m	
ENRG-006	ENRG		2014-09-25	Aika Ozaki	16y 12m	
JSSJ-131	JSSJ		2015-01-23	Aika Ozaki	17y 4m	
TASKS-026	TASKS		2015-03-20	Aika Ozaki	17y 5m	
JSSJ-097	JSSJ		2014-02-28	Aina Osawa	16y 11m	
JKSS-003	JKSS		2014-04-23	Aina Osawa	16y 12m	
TMOE-1	TMOE		2006-03-18	Aira Mihana	11y 8m	
CPD-008	CPD		2006-04-22	Aira Mihana	11y 9m	
CPD-007	CPD		2006-04-22	Aira Mihana	11y 9m	
MMD-0002	MMD		2006-06-21	Aira Mihana	11y 11m	
SCDV-10154	SCDV		2006-10-13	Aira Mihana	12y 3m	
CPSKY-014	CPSKY		2007-01-19	Aira Mihana	12y 6m	
CPSKY-026	CPSKY		2007-06-08	Aira Mihana	12y 11m	
CPSKY-027	CPSKY		2007-06-08	Aira Mihana	12y 11m	
CPD-024	CPD		2007-07-13	Aira Mihana	12y 12m	
CPSKY-034	CPSKY		2007-09-07	Aira Mihana	13y 2m	
WCRM-02	WCRM		2007-12-07	Aira Mihana	13y 5m	
WCRM-03	WCRM		2008-02-29	Aira Mihana	13y 8m	
seijun-03	seijun		2008-03-21	Aira Mihana	13y 8m	
seijun-04	seijun		2008-03-21	Aira Mihana	13y 8m	
DCG-007	DCG		2008-10-19	Aira Mihana	14y 3m	
DCG-008	DCG		2008-10-19	Aira Mihana	14y 3m	
CPSKY-062	CPSKY		2008-12-12	Aira Mihana	14y 5m	
CPSKY-078	CPSKY		2009-03-27	Aira Mihana	14y 8m	
CPSKY-079	CPSKY		2009-03-27	Aira Mihana	14y 8m	
CPSKY-088	CPSKY		2009-05-01	Aira Mihana	14y 10m	
CPSKY-089	CPSKY		2009-05-01	Aira Mihana	14y 10m	
CPSKY-100	CPSKY		2009-07-17	Aira Mihana	14y 12m	
CPSKY-101	CPSKY		2009-07-17	Aira Mihana	14y 12m	
CPSKY-126	CPSKY		2009-11-13	Aira Mihana	15y 4m	
CPSKY-125	CPSKY		2009-11-18	Aira Mihana	15y 4m	
TCSD-S1	TCSD		2009-11-20	Aira Mihana	15y 4m	
TCSD-02	TCSD		2009-12-11	Aira Mihana	15y 5m	
CPSKY-132	CPSKY		2009-12-18	Aira Mihana	15y 5m	
CPSKY-135	CPSKY		2010-01-08	Aira Mihana	15y 6m	
CPDR-021	CPDR		2010-01-13	Aira Mihana	15y 6m	
CPSKY-142	CPSKY		2010-02-05	Aira Mihana	15y 7m	
CPSKY-144	CPSKY		2010-03-12	Aira Mihana	15y 8m	
CPSKY-145	CPSKY		2010-03-12	Aira Mihana	15y 8m	
CPSKY-169	CPSKY		2010-07-16	Aira Mihana	15y 12m	
CPDR-046	CPDR		2010-07-20	Aira Mihana	15y 12m	
PIST-014	PIST		2011-11-23	Airi Aragaki	18y 1m	Possibly
OUTN-0001	OUTN		2014-03-16	Akane Kamiyama	13y 2m	
OUTN-0002	OUTN		2014-04-16	Akane Kamiyama	13y 3m	
PRNS-06	PRNS		2014-04-30	Akane Kamiyama	13y 4m	
OUTN-0003	OUTN		2014-05-16	Akane Kamiyama	13y 4m	
CLSC-014	CLSC		2014-06-01	Akane Kamiyama	13y 5m	
OUTN-0004	OUTN		2014-06-16	Akane Kamiyama	13y 5m	
OUTN-0005	OUTN		2014-07-16	Akane Kamiyama	13y 6m	
SBKD-0102	SBKD		2014-08-28	Akane Kamiyama	13y 7m	
OUTN-0007	OUTN		2014-09-16	Akane Kamiyama	13y 8m	
CLSC-022	CLSC		2014-10-03	Akane Kamiyama	13y 9m	
OUTN-0010	OUTN		2014-12-16	Akane Kamiyama	13y 11m	
CLSC-031	CLSC		2015-02-06	Akane Kamiyama	14y 1m	
CLSC-036	CLSC		2015-04-03	Akane Kamiyama	14y 3m	
OUTN-0020	OUTN		2015-08-16	Akane Kamiyama	14y 7m	
OUTN-0027	OUTN		2015-12-16	Akane Kamiyama	14y 11m	
OUTN-0034	OUTN		2016-03-16	Akane Kamiyama	15y 2m	
OHP-2019	OHP		2009-01-16	Akane Kaneko	14y 12m	
CPSKY-072	CPSKY		2009-03-06	Akane Kaneko	15y 2m	
CPSKY-073	CPSKY		2009-03-06	Akane Kaneko	15y 2m	
IMOM-149	IMOM		2010-09-25	Akari Iinuma	12y 9m	
FEIR-021	FEIR		2010-12-16	Akari Iinuma	12y 12m	
IMOM-170	IMOM		2011-02-25	Akari Iinuma	13y 2m	
ICDV-31306	ICDV		2011-07-01	Akari Iinuma	13y 7m	
SSE-004	SSE		2011-11-18	Akari Iinuma	13y 11m	
FEIR-0058	FEIR		2012-02-16	Akari Iinuma	14y 2m	
FRSM-0001	FRSM		2012-04-27	Akari Iinuma	14y 4m	
GUILD-021	GUILD		2012-11-22	Akari Iinuma	14y 11m	
HTC-008	HTC		2013-07-19	Akari Iinuma	15y 7m	
HTC-009	HTC		2013-08-14	Akari Iinuma	15y 8m	
SCDV-19008	SCDV		2006-10-13	Ako Fujiwara	17y 1m	
BKDV-00225	BKDV		2006-12-22	Ako Fujiwara	17y 3m	
JMDV-107	JMDV		2006-05-19	Ako Fujiwara	16y 8m	
BBOB-0003	BBOB		2007-11-25	Ako Fujiwara	18y 2m	Unlikely
BBOB-0004	BBOB		2007-12-25	Ako Fujiwara	18y 3m	No
MWKD-5008	MWKD		2007-03-27	Ako Fujiwara	17y 6m	
MOR-006	MOR		2007-04-26	Ako Fujiwara	17y 7m	
OHP-3001	OHP		2007-05-18	Ako Fujiwara	17y 8m	
PEACH-018D	PEACH		2007-07-28	Ako Fujiwara	17y 10m	
EIGHT-076D	EIGHT		2007-08-18	Ako Fujiwara	17y 11m	Very Likely
DMSM-7270	DMSM		2007-08-28	Ako Fujiwara	17y 11m	Very Likely
TWFK-001	TWFK		2007-09-12	Ako Fujiwara	17y 12m	Likely
JSSJ-078	JSSJ		2013-07-19	Ako Kimijima	15y 2m	
PIST-038	PIST		2013-09-22	Ako Kimijima	15y 4m	
LINE-030	LINE		2013-11-23	Ako Kimijima	15y 6m	
JSSJ-108	JSSJ		2014-06-20	Ako Kimijima	16y 1m	
SWPI-002	SWPI		2013-02-23	Akua Otsuki	15y 1m	
SWPI-003	SWPI		2013-04-23	Akua Otsuki	15y 3m	
MMR-264	MMR		2013-06-28	Akua Otsuki	15y 5m	
SNNY-004	SNNY		2013-08-23	Akua Otsuki	15y 7m	
MMR-328	MMR		2013-12-13	Akua Otsuki	15y 10m	
BUQH-043	BUQH		2014-02-25	Akua Otsuki	16y 1m	
EICCP-068	EICCP		2014-02-25	Akua Otsuki	16y 1m	
SBVD-0225	SBVD		2014-04-25	Akua Otsuki	16y 3m	
ROUG-001	ROUG		2014-06-25	Akua Otsuki	16y 5m	
BSJDV-002	BSJDV		2014-06-26	Akua Otsuki	16y 5m	
JKSS-007	JKSS		2014-08-23	Akua Otsuki	16y 7m	
ROUG-002	ROUG		2015-02-20	Akua Otsuki	17y 1m	
ROUG-003	ROUG		2015-06-24	Akua Otsuki	17y 5m	
JMDV-232	JMDV		2015-08-21	Akua Otsuki	17y 7m	
POP-001	POP		2013-10-23	Amane Watanabe	17y 5m	
SNNY-006	SNNY		2013-12-23	Amane Watanabe	17y 7m	
DOLC-004	DOLC		2012-07-20	Ami Ihara	17y 9m	
MMR-197	MMR		2012-09-28	Ami Ihara	17y 11m	Very Likely
OMEGA-068	OMEGA		2012-11-23	Ami Suenaga	17y 8m	
MMR-231	MMR		2013-01-25	Ami Suenaga	17y 10m	
LINE-028	LINE		2013-04-23	Ami Suenaga	18y 1m	Possibly
ENFD-5602	ENFD		2014-11-21	Ami Yokoyama	17y 11m	Very Likely
JSSJ-038	JSSJ		2012-03-16	Amina Watanabe	17y 4m	
LINE-020	LINE		2012-05-23	Amina Watanabe	17y 6m	
MMR-190	MMR		2012-07-27	Amina Watanabe	17y 8m	
DOLC-005	DOLC		2012-09-21	Amina Watanabe	17y 10m	
PIST-034	PIST		2012-11-23	Amina Watanabe	17y 12m	Likely
KNGA-001	KNGA		2008-03-25	Anmi Akanishi	14y 3m	
OHP-2015	OHP		2008-04-18	Anmi Akanishi	14y 4m	
KIDM-074	KIDM		2008-07-25	Anmi Akanishi	14y 7m	
KIDM-086	KIDM		2008-09-26	Anmi Akanishi	14y 9m	
GKSK-034	GKSK		2008-11-07	Anmi Akanishi	14y 10m	
KIDM-107	KIDM		2008-12-26	Anmi Akanishi	14y 12m	
SOPD-3820	SOPD		2006-09-22	Anna Oonishi	11y 12m	
CLR-4044	CLR		2006-10-20	Anna Oonishi	12y 1m	
WALZ-001	WALZ		2007-01-24	Anna Oonishi	12y 4m	
BKDV-00229	BKDV		2007-01-25	Anna Oonishi	12y 4m	
Noah-030	Noah		2007-03-23	Anna Oonishi	12y 6m	
GARO-016	GARO		2007-03-31	Anna Oonishi	12y 6m	
WAT-003	WAT		2007-09-01	Anna Oonishi	12y 11m	
GGGG-003	GGGG		2007-09-07	Anna Oonishi	12y 11m	
GGGG-004	GGGG		2007-10-07	Anna Oonishi	12y 12m	
WAT-008	WAT		2007-12-01	Anna Oonishi	13y 2m	
SHGAD-007	SHGAD		2007-12-18	Anna Oonishi	13y 3m	
WAT-012	WAT		2008-06-01	Anna Oonishi	13y 8m	
WAT-018	WAT		2008-06-15	Anna Oonishi	13y 9m	
MMDX-001	MMDX		2008-06-27	Anna Oonishi	13y 9m	
GPPP-007	GPPP		2008-08-29	Anna Oonishi	13y 11m	
SHGAR-003	SHGAR		2008-09-29	Anna Oonishi	13y 12m	
SHGAR-004	SHGAR		2008-10-29	Anna Oonishi	14y 1m	
WAT-015	WAT		2008-12-10	Anna Oonishi	14y 2m	
HMP-001	HMP		2010-06-06	Anna Oonishi	15y 8m	
HMP-002	HMP		2010-08-08	Anna Oonishi	15y 10m	
HMP-003	HMP		2010-11-23	Anna Oonishi	16y 2m	
HMP-005	HMP		2010-12-25	Anna Oonishi	16y 3m	
HMP-006	HMP		2011-02-26	Anna Oonishi	16y 5m	
HMP-007	HMP		2011-04-10	Anna Oonishi	16y 6m	
MSDV-001	MSDV		2011-04-26	Anna Oonishi	16y 7m	
HMP-008	HMP		2011-05-20	Anna Oonishi	16y 8m	
MSDV-003	MSDV		2011-05-26	Anna Oonishi	16y 8m	
HMP-009	HMP		2011-06-10	Anna Oonishi	16y 8m	
MSDV-004	MSDV		2011-06-26	Anna Oonishi	16y 9m	
MSDV-005	MSDV		2011-07-26	Anna Oonishi	16y 10m	
HMP-010	HMP		2011-08-10	Anna Oonishi	16y 10m	
MSDV-006	MSDV		2011-08-26	Anna Oonishi	16y 11m	
MSDV-007	MSDV		2011-09-26	Anna Oonishi	16y 12m	
MSDV-009	MSDV		2011-11-26	Anna Oonishi	17y 2m	
DYD-001	DYD		2004-07-01	Anna Taniguchi	15y 12m	
SCDV-19004	SCDV		2006-05-29	Anna Taniguchi	17y 10m	
ARC-008	ARC		2006-11-01	Aoi Fujinaga	13y 6m	
OHP-2002	OHP		2006-11-17	Aoi Fujinaga	13y 7m	
ILD-008	ILD		2006-11-24	Aoi Fujinaga	13y 7m	
PEACH-014D	PEACH		2006-12-24	Aoi Fujinaga	13y 8m	
BKDV-00234	BKDV		2007-02-23	Aoi Fujinaga	13y 10m	
WALZ-006	WALZ		2007-04-24	Aoi Fujinaga	13y 12m	
TBX-013	TBX		2007-06-27	Aoi Fujinaga	14y 2m	
EIGHT-078D	EIGHT		2007-08-18	Aoi Fujinaga	14y 4m	
JSSJ-042	JSSJ		2012-06-29	Arai Hiina	12y 4m	
LINE-023	LINE		2012-10-23	Arai Hiina	12y 8m	
MMR-193	MMR		2013-01-25	Arai Hiina	12y 11m	
MMR-247	MMR		2013-03-29	Arai Hiina	13y 1m	
SWPI-004	SWPI		2013-05-23	Arai Hiina	13y 3m	
HTC-008	HTC		2013-07-19	Arai Hiina	13y 5m	
JSSJ-077	JSSJ		2013-07-19	Arai Hiina	13y 5m	
HTC-009	HTC		2013-08-24	Arai Hiina	13y 6m	
MMR-297	MMR		2013-09-27	Arai Hiina	13y 7m	
SBKD-0089	SBKD		2013-11-28	Arai Hiina	13y 9m	
EICCB-034	EICCB		2014-01-25	Arai Hiina	13y 11m	
ZZZZ-015	ZZZZ		2010-09-10	Arisa	12y 10m	
GGGG-019	GGGG		2010-12-31	Arisa	13y 1m	
GGGG-021	GGGG		2011-02-25	Arisa	13y 3m	
ZZZZ-019	ZZZZ		2011-02-25	Arisa	13y 3m	
GPPP-018	GPPP		2011-03-25	Arisa	13y 4m	
XIVD-005	XIVD		2011-04-22	Arisa	13y 5m	
DW-020	DW		2012-07-20	Arisa	14y 8m	
BDZZ-506	BDZZ		2013-08-09	Arisa	15y 9m	
SIGP-001	SIGP		2010-09-26	Arisa Machida	14y 7m	
SIG-016	SIG		2010-09-30	Arisa Machida	14y 7m	
SIGD-008	SIGD		2010-09-30	Arisa Machida	14y 7m	
IMOY-006	IMOY		2010-10-10	Arisa Machida	14y 8m	
IMOG-173	IMOG		2010-11-10	Arisa Machida	14y 9m	
IMOJ-011	IMOJ		2010-12-10	Arisa Machida	14y 10m	
IMOG-180	IMOG		2011-01-15	Arisa Machida	14y 11m	
IMOM-177	IMOM		2011-03-10	Arisa Machida	14y 12m	
IDLX-001	IDLX		2012-06-29	Arisa Machida	16y 4m	
GTS-009	GTS		2011-07-22	Arisa Machida	15y 5m	
GTS-010	GTS		2011-07-22	Arisa Machida	15y 5m	
GTR-009	GTR		2011-07-22	Arisa Machida	15y 5m	
GTR-010	GTR		2011-07-22	Arisa Machida	15y 5m	
SIGP-002	SIGP		2011-11-28	Arisa Machida	15y 9m	
GTS-019	GTS		2012-08-04	Arisa Machida	16y 5m	
GTR-019	GTR		2012-08-04	Arisa Machida	16y 5m	
GTS-020	GTS		2012-10-06	Arisa Machida	16y 7m	
GTR-020	GTR		2012-10-06	Arisa Machida	16y 7m	
HISF-0014	HISF		2012-11-28	Arisa Machida	16y 9m	
REA-001	REA		2012-12-21	Arisa Machida	16y 10m	
FFARB-001	FFARB		2013-12-13	Arisa Machida	17y 10m	
FFAR-001	FFAR		2013-12-13	Arisa Machida	17y 10m	
PEAC-002	PEAC		2013-01-23	Arisa Mizuhara	17y 11m	Very Likely
LINE-033	LINE		2014-01-23	Arisa Natsu	16y 10m	
PIST-046	PIST		2014-03-23	Arisa Natsu	16y 12m	
SHI-010	SHI		2014-05-31	Arisa Natsu	17y 2m	
SNYY-005	SNYY		2014-07-30	Arisa Natsu	17y 4m	
TASKS-024	TASKS		2014-12-20	Arisa Natsu	17y 9m	
MMR-310	MMR		2013-11-01	Asaka Higashi	12y 8m	
MMR-383	MMR		2014-05-30	Asaka Higashi	13y 3m	
MMR-386	MMR		2014-05-30	Asaka Higashi	13y 3m	
SBKD-0100	SBKD		2014-07-29	Asaka Higashi	13y 5m	
MMR-AD003	MMR		2015-05-29	Asaka Higashi	14y 3m	
SVBD-AD003	SVBD		2015-05-29	Asaka Higashi	14y 3m	
TSBS-81021	TSBS		2015-06-19	Asaka Higashi	14y 4m	
MMR-AR002	MMR		2015-06-26	Asaka Higashi	14y 4m	
SEDV-602	SEDV		2006-10-01	Asami Kubota	16y 6m	
DW-004	DW		2007-08-01	Asami Kubota	17y 4m	
KIDM-032	KIDM		2007-10-05	Asami Kubota	17y 6m	
KIDM-041	KIDM		2008-01-25	Asami Kubota	17y 10m	
KIDM-063	KIDM		2008-05-30	Asami Kubota	18y 2m	Unlikely
KIDM-077	KIDM		2008-08-08	Asami Kubota	18y 4m	No
KIDM-094	KIDM		2008-10-31	Asami Kubota	18y 7m	No
KIDM-105	KIDM		2008-12-12	Asami Kubota	18y 8m	No
KIDM-121	KIDM		2009-03-27	Asami Kubota	18y 12m	No
KIDM-128	KIDM		2009-05-15	Asami Kubota	19y 1m	No
KIDM-144	KIDM		2009-08-28	Asami Kubota	19y 5m	No
KIDM-152	KIDM		2009-10-16	Asami Kubota	19y 6m	No
CLR-4034	CLR		2006-05-19	Ashida Misuzu	12y 4m	
MMD-0008	MMD		2006-10-15	Ashida Misuzu	12y 9m	
BKDV-00223	BKDV		2006-12-22	Ashida Misuzu	12y 11m	
SOPD-3824	SOPD		2007-01-19	Ashida Misuzu	12y 12m	
Noah-031	Noah		2007-04-20	Ashida Misuzu	13y 3m	
WAT-001	WAT		2007-05-15	Ashida Misuzu	13y 4m	
WALZ-008	WALZ		2007-06-25	Ashida Misuzu	13y 5m	
WAT-002	WAT		2007-07-15	Ashida Misuzu	13y 6m	
GGGG-002	GGGG		2007-08-07	Ashida Misuzu	13y 7m	
WAT-004	WAT		2007-09-01	Ashida Misuzu	13y 8m	
WAT-003	WAT		2007-09-01	Ashida Misuzu	13y 8m	
GGGG-004	GGGG		2007-10-07	Ashida Misuzu	13y 9m	
WAT-007	WAT		2007-12-01	Ashida Misuzu	13y 11m	
MSR-08	MSR		2008-03-21	Ashida Misuzu	14y 2m	
SHGAR-002	SHGAR		2008-04-28	Ashida Misuzu	14y 3m	
WAT-011	WAT		2008-05-10	Ashida Misuzu	14y 4m	
MMDX-002	MMDX		2008-06-27	Ashida Misuzu	14y 5m	
WAT-015	WAT		2008-12-10	Ashida Misuzu	14y 11m	
MSDV-015	MSDV		2012-05-26	Ashida Misuzu	18y 4m	No
INGO-007	INGO		2005-08-26	Asuka Izumi	12y 10m	
INGO-008	INGO		2005-08-26	Asuka Izumi	12y 10m	
INGO-009	INGO		2005-09-22	Asuka Izumi	12y 11m	
INGO-010	INGO		2005-09-22	Asuka Izumi	12y 11m	
ACTD-029	ACTD		2005-10-28	Asuka Izumi	12y 12m	
ASP-008	ASP		2006-02-11	Asuka Izumi	13y 3m	
SCDV-10145	SCDV		2006-05-19	Asuka Izumi	13y 6m	
IMOG-018	IMOG		2006-07-30	Asuka Izumi	13y 9m	
IMOS-012	IMOS		2006-08-31	Asuka Izumi	13y 10m	
SCDV-10152	SCDV		2006-09-15	Asuka Izumi	13y 10m	
SOPD-3822	SOPD		2006-11-17	Asuka Izumi	13y 12m	
SCDV-22004	SCDV		2006-12-15	Asuka Izumi	14y 1m	
SCDV-22008	SCDV		2007-04-20	Asuka Izumi	14y 5m	
SCDV-22010	SCDV		2007-08-10	Asuka Izumi	14y 9m	
SCDV-22014	SCDV		2007-12-14	Asuka Izumi	15y 1m	
ICDV-30007	ICDV		2008-03-14	Asuka Izumi	15y 4m	
LOVEDOL-008	LOVEDOL		2008-09-30	Asuka Izumi	15y 11m	
SOPD-9048	SOPD		2009-01-16	Asuka Izumi	16y 2m	
KU-016	KU		2009-02-27	Asuka Izumi	16y 4m	
KU-022	KU		2009-04-24	Asuka Izumi	16y 6m	
KU-023	KU		2009-05-22	Asuka Izumi	16y 7m	
SOPD-9051	SOPD		2009-07-17	Asuka Izumi	16y 8m	
KU-033	KU		2009-10-30	Asuka Izumi	16y 12m	
SOPD-8012	SOPD		2009-12-18	Asuka Izumi	17y 1m	
SOPD-9059	SOPD		2010-01-22	Asuka Izumi	17y 3m	
SOPD-9062	SOPD		2010-04-16	Asuka Izumi	17y 5m	
SOPD-9064	SOPD		2011-02-18	Asuka Izumi	18y 3m	No
AILE-029	AILE		2013-10-13	Aya Kuhou	16y 9m	
JKDD-003	JKDD		2013-12-23	Aya Kuhou	16y 11m	
LGMD-01	LGMD		2014-02-20	Aya Kuhou	17y 1m	
SNYY-002	SNYY		2014-04-28	Aya Kuhou	17y 3m	
JKDD-007	JKDD		2014-06-30	Aya Kuhou	17y 5m	
WAJK-006	WAJK		2014-08-23	Aya Kuhou	17y 7m	
SHI-015	SHI		2014-10-28	Aya Kuhou	17y 9m	
TSDV-41539	TSDV		2013-06-21	Aya Kuwata	16y 4m	
SBVB-0017	SBVB		2014-03-28	Aya Kuwata	17y 1m	
SBVD-0221	SBVD		2014-03-28	Aya Kuwata	17y 1m	
SCDV-19018	SCDV		2007-08-10	Ayaka Ito	16y 2m	
Noah-45	Noah		2008-05-23	Ayaka Ito	16y 11m	
KIDM-016	KIDM		2007-03-30	Ayaka Ito	15y 9m	
OHP-2003	OHP		N/A	Ayaka Ito		
FEIR-0069	FEIR		2012-06-16	Ayaka Kasuga	13y 12m	
PIXY-002	PIXY		2012-08-23	Ayaka Kasuga	14y 2m	
MIU-009	MIU		2012-10-19	Ayaka Kasuga	14y 4m	
HTC-005	HTC		2012-12-07	Ayaka Kasuga	14y 6m	
HTC-006	HTC		2012-12-21	Ayaka Kasuga	14y 6m	
SBKD-0064	SBKD		2012-12-25	Ayaka Kasuga	14y 6m	
MMR-243	MMR		2013-02-22	Ayaka Kasuga	14y 8m	
BSTAR-021	BSTAR		2013-04-26	Ayaka Kasuga	14y 10m	
DSTAR-021	DSTAR		2013-04-26	Ayaka Kasuga	14y 10m	
DSTAR-024	DSTAR		2013-06-28	Ayaka Kasuga	14y 12m	
BSTAR-024	BSTAR		2013-06-28	Ayaka Kasuga	14y 12m	
TSDV-41556	TSDV		2013-08-30	Ayaka Kasuga	15y 2m	
MIU-016	MIU		2013-11-22	Ayaka Kasuga	15y 5m	
MMR-351	MMR		2014-01-31	Ayaka Kasuga	15y 7m	
SBKD-0095	SBKD		2014-03-28	Ayaka Kasuga	15y 9m	
TASKS-027	TASKS		2015-04-20	Ayaka Kasuga	16y 10m	
HPF-03	HPF		2015-07-17	Ayaka Kasuga	17y 1m	
ZEUSFB-004	ZEUSFB		2016-11-16	Ayaka Kasuga	18y 5m	No
MMR-345	MMR		2014-01-31	Ayaka Okita	13y 3m	
MMR-372	MMR		2014-04-25	Ayaka Okita	13y 6m	
MMR-386	MMR		2014-05-30	Ayaka Okita	13y 7m	
SBKD-0099	SBKD		2014-06-27	Ayaka Okita	13y 8m	
MMR-CR002	MMR		2014-06-27	Ayaka Okita	13y 8m	
TSDV-41666	TSDV		2014-08-22	Ayaka Okita	13y 10m	
HTC-012	HTC		2014-09-19	Ayaka Okita	13y 11m	
MMR-CR004	MMR		2014-09-26	Ayaka Okita	13y 11m	
MMR-AD001	MMR		2014-11-07	Ayaka Okita	14y 1m	
SVBD-AD001	SVBD		2014-11-07	Ayaka Okita	14y 1m	
MMR-AD002	MMR		2015-01-30	Ayaka Okita	14y 3m	
SVBD-AD002	SVBD		2015-01-30	Ayaka Okita	14y 3m	
MMR-AZ011	MMR		2015-03-27	Ayaka Okita	14y 5m	
SVBD-AZ002	SVBD		2015-03-27	Ayaka Okita	14y 5m	
MMR-AZ013	MMR		2015-05-29	Ayaka Okita	14y 7m	
SVBD-AZ003	SVBD		2015-05-29	Ayaka Okita	14y 7m	
MMR-AR002	MMR		2015-06-26	Ayaka Okita	14y 8m	
SBKB-0010	SBKB		2015-09-29	Ayaka Okita	14y 11m	
SBKD-0129	SBKD		2015-09-29	Ayaka Okita	14y 11m	
QHL-018	QHL		2015-11-25	Ayaka Okita	15y 1m	
SBKD-0135	SBKD		2016-01-29	Ayaka Okita	15y 3m	
SBKB-0011	SBKB		2016-01-29	Ayaka Okita	15y 3m	
SBKD-0141	SBKD		2016-06-29	Ayaka Okita	15y 8m	
SBKB-0013	SBKB		2016-06-29	Ayaka Okita	15y 8m	
QHL-019	QHL		2016-09-25	Ayaka Okita	15y 11m	
CPSKY-116	CPSKY		2009-09-18	Ayaka Ootani	13y 11m	
CPSKY-217	CPSKY		2011-04-15	Ayaka Ootani	15y 6m	
SMAC-008	SMAC		2011-07-08	Ayaka Ootani	15y 9m	
TBOG-002	TBOG		2012-01-21	Ayaka Ootani	16y 3m	
TBSP-005	TBSP		2012-02-24	Ayaka Ootani	16y 4m	
SMAC-022	SMAC		2012-04-21	Ayaka Ootani	16y 6m	
AOSBD-002	AOSBD		2012-04-21	Ayaka Ootani	16y 6m	
TB-002	TB		2012-05-27	Ayaka Ootani	16y 7m	
SMAC-036	SMAC		2012-08-18	Ayaka Ootani	16y 10m	
TBOG-008	TBOG		2012-08-18	Ayaka Ootani	16y 10m	
AOSBD-015	AOSBD		2012-08-18	Ayaka Ootani	16y 10m	
AOSBD-021	AOSBD		2012-08-27	Ayaka Ootani	16y 10m	
CPSKY-132	CPSKY		2009-12-18	Ayaka Ootani	14y 2m	
CPSKY-137	CPSKY		2010-01-08	Ayaka Ootani	14y 3m	
CPSKY-142	CPSKY		2010-02-05	Ayaka Ootani	14y 4m	
CPSKY-166	CPSKY		2010-06-11	Ayaka Ootani	14y 8m	
CPSKY-182	CPSKY		2010-10-15	Ayaka Ootani	14y 12m	
CPSKY-197	CPSKY		2011-01-14	Ayaka Ootani	15y 3m	
CPSKY-196	CPSKY		2011-01-14	Ayaka Ootani	15y 3m	
FEIR-0069	FEIR		2012-06-16	Ayaka Sakuga	13y 12m	
PIXY-002	PIXY		2012-08-23	Ayaka Sakuga	14y 2m	
MIU-009	MIU		2012-10-19	Ayaka Sakuga	14y 4m	
SBKD-0064	SBKD		2012-12-25	Ayaka Sakuga	14y 6m	
MMR-243	MMR		2013-02-22	Ayaka Sakuga	14y 8m	
BSTAR-021	BSTAR		2013-04-26	Ayaka Sakuga	14y 10m	
BSTAR-024	BSTAR		2013-06-28	Ayaka Sakuga	14y 12m	
TSDV-41556	TSDV		2013-08-30	Ayaka Sakuga	15y 2m	
MIST-016	MIST		2013-11-22	Ayaka Sakuga	15y 5m	
MMR-351	MMR		2014-01-31	Ayaka Sakuga	15y 7m	
SBKD-0095	SBKD		2014-03-28	Ayaka Sakuga	15y 9m	
TASKS-027	TASKS		2015-04-20	Ayaka Sakuga	16y 10m	
HPF-003	HPF		2015-07-17	Ayaka Sakuga	17y 1m	
ZEUSFB-007	ZEUSFB		2016-11-16	Ayaka Sakuga	18y 5m	No
PEAC-017	PEAC		2013-09-23	Ayaka Shirai	15y 8m	
JMRD-0005	JMRD		2012-06-29	Ayaka Watanabe		
MMR-299	MMR		2013-09-27	Ayame Goto	17y 4m	
MMR-316	MMR		2013-11-22	Ayame Goto	17y 6m	
KODV-00108	KODV		2009-09-25	Ayana Nishinaga	13y 7m	
SCK-1001	SCK		2010-02-19	Ayana Nishinaga	13y 12m	
FEIR-019	FEIR		2010-11-16	Ayana Nishinaga	14y 8m	
EICCB-004	EICCB		2011-01-25	Ayana Nishinaga	14y 11m	
MMR-130	MMR		2011-02-25	Ayana Nishinaga	14y 12m	
FEIR-035	FEIR		2011-06-16	Ayana Nishinaga	15y 3m	
FEIR-044	FEIR		2011-09-16	Ayana Nishinaga	15y 6m	
MMR-162	MMR		2011-12-16	Ayana Nishinaga	15y 9m	
GJOS-027	GJOS		2012-02-25	Ayana Nishinaga	15y 12m	
IMBD-070	IMBD		2012-02-25	Ayana Nishinaga	15y 12m	
IMOG-249	IMOG		2012-04-25	Ayana Nishinaga	16y 2m	
IMBD-082	IMBD		2012-04-25	Ayana Nishinaga	16y 2m	
SBKD-0056	SBKD		2012-07-30	Ayana Nishinaga	16y 5m	
ZEUS-002	ZEUS		2012-09-10	Ayana Nishinaga	16y 6m	
PIXY-007	PIXY		2012-11-23	Ayana Nishinaga	16y 9m	
MMR-251	MMR		2013-04-19	Ayana Nishinaga	17y 1m	
SPG-16	SPG		2013-08-31	Ayana Nishinaga	17y 6m	
XAM-083	XAM		2013-12-21	Ayana Nishinaga	17y 10m	
MMR-363	MMR		2014-03-28	Ayana Nishinaga	18y 1m	Possibly
JSSJ-047	JSSJ		2012-09-21	Azusa Manaka	16y 7m	
JSSJ-053	JSSJ		2012-11-23	Azusa Manaka	16y 9m	
OMGZ-069	OMGZ		2013-01-26	Azusa Manaka	16y 11m	
PIST-035	PIST		2013-03-23	Azusa Manaka	17y 1m	
JSSJ-150	JSSJ		2015-10-16	Chia Kinoshita	17y 10m	
MMR-AA036	MMR		2015-12-18	Chia Kinoshita	17y 12m	Likely
MBR-045	MBR		2007-10-26	Chieri Taneda	16y 2m	
KU-010	KU		2008-08-22	Chieri Taneda	16y 12m	
TRID-087	TRID		2009-02-21	Chieri Taneda	17y 6m	
SBKD-0004	SBKD		2006-09-22	Chihiro Ueno	15y 2m	
ILD-001	ILD		2006-09-29	Chihiro Ueno	15y 2m	
SOPD-3821	SOPD		2006-10-20	Chihiro Ueno	15y 3m	
KQT-084	KQT		2006-12-22	Chihiro Ueno	15y 5m	
SOPD-3823	SOPD		2006-12-22	Chihiro Ueno	15y 5m	
SOPD-3825	SOPD		2007-02-16	Chihiro Ueno	15y 7m	
TASKJ-010	TASKJ		2007-03-20	Chihiro Ueno	15y 8m	
lovedol-003	lovedol		2007-08-25	Chihiro Ueno	16y 1m	
IMOG-023	IMOG		2006-12-25	Chihiro Ueno	15y 5m	
MMR-040	MMR		2007-07-20	Chihiro Ueno	15y 12m	
MMR-043	MMR		2007-09-28	Chihiro Ueno	16y 2m	
OHP-017	OHP		2007-03-16	Chiho Haruna	17y 1m	
SCDV-19016	SCDV		2007-06-01	Chiho Haruna	17y 4m	
MMR-242	MMR		2013-02-22	Ema Nakajima	17y 2m	
PIST-036	PIST		2013-04-23	Ema Nakajima	17y 4m	
MMR-265	MMR		2013-06-28	Ema Nakajima	17y 6m	
SNNE-002	SNNE		2013-08-23	Ema Nakajima	17y 8m	
JSSJ-086	JSSJ		2013-10-18	Ema Nakajima	17y 10m	
MMR-331	MMR		2013-12-13	Ema Nakajima	17y 11m	Very Likely
MCAD-001	MCAD		2012-09-23	Emiri Tachibana	16y 4m	
PUG-001	PUG		2012-10-31	Emiri Tachibana	16y 6m	
ENFD-5462	ENFD		2013-05-24	Emiri Tachibana	16y 12m	
GUILD-046	GUILD		2013-09-19	Emiri Tachibana	17y 4m	
SOPA-046	SOPA		2013-12-13	Emiri Tachibana	17y 7m	
SBVD-0223	SBVD		2014-03-28	Emiri Tachibana	17y 10m	
TRST-0214	TRST		2015-03-27	Emiri Tachibana	18y 10m	No
PIXY-005	PIXY		2012-10-30	Eri Sasaki	17y 5m	
PDOL-004	PDOL		2012-12-23	Eri Sasaki	17y 6m	
PIXY-012	PIXY		2013-02-23	Eri Sasaki	17y 8m	
DSTAR-022	DSTAR		2013-04-26	Eri Sasaki	17y 10m	
TSDV-41546	TSDV		2013-07-26	Eri Sasaki	18y 1m	Possibly
SKIP-049	SKIP		2008-10-25	Erika Aoba	06y 4m	
ARC-010	ARC		2006-12-19	Erika Fujimiya	17y 5m	
TBX-008	TBX		2007-04-25	Erika Fujimiya	17y 9m	
WALZ-009	WALZ		2007-06-25	Erika Fujimiya	17y 11m	Very Likely
SCDV-24007	SCDV		2007-07-27	Erika Fujimiya	17y 12m	Likely
KBOOT-13	KBOOT		2007-09-28	Erika Fujimiya	18y 2m	Unlikely
PAND-010	PAND		2007-12-18	Erika Fujimiya	18y 5m	No
MOR-1004	MOR		2007-12-20	Erika Fujimiya	18y 5m	No
GOKU-032D	GOKU		2008-01-26	Erika Fujimiya	18y 6m	No
SBKD-0026	SBKD		2011-03-29	Eriko Mizusawa	13y 4m	
TOKYO-004	TOKYO		2011-05-06	Eriko Mizusawa	13y 5m	
TOKYO-006	TOKYO		2011-06-03	Eriko Mizusawa	13y 6m	
TOKYO-009	TOKYO		2011-07-15	Eriko Mizusawa	13y 8m	
TOKYO-011	TOKYO		2011-08-19	Eriko Mizusawa	13y 9m	
TOKYO-014	TOKYO		2011-09-16	Eriko Mizusawa	13y 10m	
CHAMA-13	CHAMA		2011-09-30	Eriko Mizusawa	13y 10m	
DOKAN-001	DOKAN		2011-10-07	Eriko Mizusawa	13y 10m	
PLG-002	PLG		2011-11-04	Eriko Mizusawa	13y 11m	
TOKYO-019	TOKYO		2011-11-04	Eriko Mizusawa	13y 11m	
HTC-001	HTC		2011-11-18	Eriko Mizusawa	13y 12m	
HTC-002	HTC		2011-12-16	Eriko Mizusawa	14y 1m	
TOKYO-024	TOKYO		2012-01-06	Eriko Mizusawa	14y 1m	
TOKYO-029	TOKYO		2012-02-17	Eriko Mizusawa	14y 3m	
DOKAN-003	DOKAN		2012-03-30	Eriko Mizusawa	14y 4m	
TOKYO-035	TOKYO		2012-04-20	Eriko Mizusawa	14y 5m	
GUILD-004	GUILD		2012-05-23	Eriko Mizusawa	14y 6m	
TOKYO-039	TOKYO		2012-06-01	Eriko Mizusawa	14y 6m	
TOKYO-043	TOKYO		2012-07-20	Eriko Mizusawa	14y 8m	
HTC-003	HTC		2012-07-20	Eriko Mizusawa	14y 8m	
HTC-004	HTC		2012-08-18	Eriko Mizusawa	14y 9m	
JMKD-0004	JMKD		2012-08-30	Eriko Mizusawa	14y 9m	
HTC-007	HTC		2013-06-21	Eriko Mizusawa	15y 7m	
PEAI-007	PEAI		2013-08-23	Fukase Nana	13y 5m	
PEAI-010	PEAI		2013-10-13	Fukase Nana	13y 6m	
PEAI-014	PEAI		2013-12-13	Fukase Nana	13y 8m	
SBKD-0093	SBKD		2014-02-27	Fukase Nana	13y 11m	
OUTN-0001	OUTN		2014-03-16	Fukase Nana	13y 11m	
OUTN-0002	OUTN		2014-04-16	Fukase Nana	13y 12m	
ICDV-30186	ICDV		2014-04-18	Fukase Nana	14y 1m	
OUTN-0003	OUTN		2014-05-16	Fukase Nana	14y 1m	
JMKD-0022	JMKD		2014-06-27	Fukase Nana	14y 3m	
OUTN-0005	OUTN		2014-07-16	Fukase Nana	14y 3m	
OUTN-0006	OUTN		2014-08-16	Fukase Nana	14y 5m	
ICDV-30204	ICDV		2014-08-22	Fukase Nana	14y 5m	
OUTN-0007	OUTN		2014-09-16	Fukase Nana	14y 6m	
OUTN-0008	OUTN		2014-10-16	Fukase Nana	14y 7m	
ICDV-30214	ICDV		2014-12-19	Fukase Nana	14y 9m	
JMKD-0031	JMKD		2015-02-27	Fukase Nana	14y 11m	
TUBR-001	TUBR		2014-01-17	Futami Madoka	17y 8m	
CTLD-001	CTLD		2014-02-23	Futami Madoka	17y 9m	
SKIP-016	SKIP		2007-09-26	Hana Nishino	10y 1m	
SKIP-029	SKIP		2007-12-28	Hana Nishino	10y 5m	
ICDV-30009	ICDV		2008-05-02	Hana Nishino	10y 9m	
ICDV-30015	ICDV		2008-09-05	Hana Nishino	11y 1m	
SKIB-003	SKIB		2008-09-27	Hana Nishino	11y 1m	
ICDV-30028	ICDV		2009-12-11	Hana Nishino	12y 4m	
MM-028	MM		2011-07-27	Hana Nishino	13y 11m	
CPSKY-105	CPSKY		2009-08-07	Haru Hoshina	07y 6m	
SNM-001	SNM		2009-11-06	Haru Hoshina	07y 9m	
CPDR-016	CPDR		2010-01-13	Haru Hoshina	07y 11m	
CPDR-017	CPDR		2010-01-13	Haru Hoshina	07y 11m	
SNM-010	SNM		2010-02-12	Haru Hoshina	07y 12m	
SNM-030	SNM		2011-02-11	Haru Hoshina	08y 12m	
SNM-034	SNM		2011-07-01	Haru Hoshina	09y 4m	
ZEUS-010	ZEUS		2014-06-10	Haru Hoshina	12y 4m	
ORGA-013	ORGA		2014-08-23	Haru Hoshina	12y 6m	
ORGAB-013	ORGAB		2014-08-23	Haru Hoshina	12y 6m	
ORSA-013	ORSA		2014-08-23	Haru Hoshina	12y 6m	
ORSAB-013	ORSAB		2014-08-23	Haru Hoshina	12y 6m	
ORGLB-012	ORGLB		2014-11-23	Haru Hoshina	12y 9m	
ORGL-012	ORGL		2014-11-30	Haru Hoshina	12y 9m	
ORSL-012	ORSL		2014-11-30	Haru Hoshina	12y 9m	
ORSLB-012	ORSLB		2014-11-30	Haru Hoshina	12y 9m	
BUBT-005	BUBT		2015-04-20	Haru Hoshina	13y 2m	
BUBD-005	BUBD		2015-04-20	Haru Hoshina	13y 2m	
ORSS-002	ORSS		2017-02-25	Haru Hoshina	14y 12m	
ORSSB-002	ORSSB		2017-02-25	Haru Hoshina	14y 12m	
ORSP-002	ORSP		2017-02-25	Haru Hoshina	14y 12m	
ORSPB-002	ORSPB		2017-02-25	Haru Hoshina	14y 12m	
MBR-049	MBR		2007-12-21	Haruka Inui	17y 3m	
mgbr-010	mgbr		2015-01-10	Haruka Kurasawa	13y 2m	
mgdvd-010	mgdvd		2015-01-10	Haruka Kurasawa	13y 2m	
mgdvd-021	mgdvd		2015-05-23	Haruka Kurasawa	13y 6m	
ORGA-034	ORGA		2015-09-30	Haruka Kurasawa	13y 10m	
ORSAB-034	ORSAB		2015-10-10	Haruka Kurasawa	13y 11m	
ORSA-034	ORSA		2015-10-10	Haruka Kurasawa	13y 11m	
ORGAB-034	ORGAB		2015-10-10	Haruka Kurasawa	13y 11m	
SBKD-0133	SBKD		2015-11-28	Haruka Kurasawa	13y 12m	
SBKD-0136	SBKD		2016-02-27	Haruka Kurasawa	14y 3m	
SMAC-047	SMAC		2012-11-17	Haruka Nagasawa	16y 9m	
AOSBD-026	AOSBD		2012-11-17	Haruka Nagasawa	16y 9m	
TSDV-41558	TSDV		2013-08-30	Haruka Nagasawa	17y 6m	
MMR-323	MMR		2013-11-22	Haruka Nagasawa	17y 9m	
CRLS-010	CRLS		2012-02-03	Haruna Kurosawa	16y 7m	
CRLS-013	CRLS		2012-04-27	Haruna Kurosawa	16y 10m	
CRLS-018	CRLS		2013-02-27	Haruna Kurosawa	17y 8m	
JSSJ-085	JSSJ		2013-10-18	Hatsuna Yamada	16y 2m	
OMD-013	OMD		2004-05-21	Hatsune Matsushima	16y 5m	
EIGHT-007D	EIGHT		2004-08-26	Hatsune Matsushima	16y 8m	
ZTAWO-864	ZTAWO		2004-10-18	Hatsune Matsushima	16y 10m	
LCDV-20133	LCDV		2005-03-20	Hatsune Matsushima	17y 3m	
FDGD-0120	FDGD		2006-09-25	Hatsune Matsushima	18y 9m	No
AILE-018	AILE		2013-02-23	Hikari Aizawa	14y 2m	
PEAI-002	PEAI		2013-06-13	Hikari Aizawa	14y 5m	
PEAI-005	PEAI		2013-07-13	Hikari Aizawa	14y 6m	
PEAI-009	PEAI		2013-09-23	Hikari Aizawa	14y 9m	
PEAI-013	PEAI		2013-11-13	Hikari Aizawa	14y 10m	
PEAI-017	PEAI		2014-01-13	Hikari Aizawa	14y 12m	
SBKD-0092	SBKD		2014-01-30	Hikari Aizawa	15y 1m	
MIU-019	MIU		2014-03-23	Hikari Aizawa	15y 3m	
JSSJ-044	JSSJ		2012-07-20	Hikari Maeda	15y 12m	
JSSJ-048	JSSJ		2012-09-21	Hikari Maeda	16y 2m	
MMR-220	MMR		2012-12-14	Hikari Maeda	16y 5m	
LINE-026	LINE		2013-02-23	Hikari Maeda	16y 7m	
MMR-262	MMR		2013-05-31	Hikari Maeda	16y 10m	
FEIR-0085	FEIR		2013-10-25	Hikari Maeda	17y 3m	
IMOM-148	IMOM		2010-09-28	Hikaru Takahashi	14y 12m	
FEIR-0022	FEIR		2010-12-16	Hikaru Takahashi	15y 3m	
ICDV-31302	ICDV		2011-04-28	Hikaru Takahashi	15y 7m	
BSTAR-001	BSTAR		2011-10-28	Hikaru Takahashi	16y 1m	
DSTAR-001	DSTAR		2011-10-28	Hikaru Takahashi	16y 1m	
SOPAB-001	SOPAB		2012-02-24	Hikaru Takahashi	16y 5m	
SOPA-001	SOPA		2012-02-24	Hikaru Takahashi	16y 5m	
BSTAR-006	BSTAR		2012-05-25	Hikaru Takahashi	16y 8m	
DSTAR-006	DSTAR		2012-05-25	Hikaru Takahashi	16y 8m	
FRSM-0007	FRSM		2012-07-30	Hikaru Takahashi	16y 10m	
BSTAR-013	BSTAR		2012-10-26	Hikaru Takahashi	17y 1m	
DSTAR-013	DSTAR		2012-10-26	Hikaru Takahashi	17y 1m	
GUILD-023	GUILD		2012-12-20	Hikaru Takahashi	17y 3m	
DSTAR-019	DSTAR		2013-03-29	Hikaru Takahashi	17y 6m	
PIXY-016	PIXY		2013-05-23	Hikaru Takahashi	17y 8m	
LCDV-40612	LCDV		2013-11-20	Hikaru Takahashi	18y 2m	Unlikely
TOKYO-050	TOKYO		2012-10-19	Himeka Nakazawa	14y 3m	
TOKYO-055	TOKYO		2012-12-21	Himeka Nakazawa	14y 5m	
TOKYO-058	TOKYO		2013-02-15	Himeka Nakazawa	14y 7m	
ICDV-30124	ICDV		2013-03-15	Himeka Nakazawa	14y 8m	
JMKD-0014	JMKD		2013-04-26	Himeka Nakazawa	14y 9m	
CLSC-001	CLSC		2013-05-17	Himeka Nakazawa	14y 10m	
SBKD-0082	SBKD		2013-07-26	Himeka Nakazawa	14y 12m	
CLSC-005	CLSC		2013-08-23	Himeka Nakazawa	15y 1m	
CLSC-006	CLSC		2013-09-06	Himeka Nakazawa	15y 2m	
CLSC-008	CLSC		2013-10-04	Himeka Nakazawa	15y 3m	
TSDV-41599	TSDV		2013-12-20	Himeka Nakazawa	15y 5m	
CLSC-012	CLSC		2014-01-24	Himeka Nakazawa	15y 6m	
PRNS-04	PRNS		2014-01-31	Himeka Nakazawa	15y 7m	
OUTN-0001	OUTN		2014-03-16	Himeka Nakazawa	15y 8m	
TASKJ-147	TASKJ		2014-03-20	Himeka Nakazawa	15y 8m	
OUTN-0002	OUTN		2014-04-16	Himeka Nakazawa	15y 9m	
PRNS-06	PRNS		2014-04-30	Himeka Nakazawa	15y 10m	
OUTN-0003	OUTN		2014-05-16	Himeka Nakazawa	15y 10m	
JSSJ-062	JSSJ		2013-02-22	Hina Nishikawa	17y 10m	
SWPI-001	SWPI		2013-01-23	Hinata Aoba	15y 1m	
JSSJ-063	JSSJ		2013-03-22	Hinata Aoba	15y 3m	
GJJJ-001	GJJJ		2013-04-05	Hinata Aoba	15y 3m	
MMR-257	MMR		2013-05-31	Hinata Aoba	15y 5m	
SNNE-001	SNNE		2013-07-23	Hinata Aoba	15y 7m	
SNNY-005	SNNY		2013-09-23	Hinata Aoba	15y 9m	
MMR-315	MMR		2013-11-22	Hinata Aoba	15y 11m	
JSSJ-095	JSSJ		2014-01-14	Hinata Aoba	16y 1m	
JKSS-005	JKSS		2014-06-23	Hinata Aoba	16y 6m	
SNYY-006	SNYY		2014-08-28	Hinata Aoba	16y 8m	
TOMATO-004	TOMATO		2015-05-10	Hinata Aoba	17y 5m	
GOD-082	GOD		2011-01-07	Hiro Konno		
GOD-093	GOD		2011-03-18	Hiro Konno		
JSSJ-118	JSSJ		2014-09-19	Hiyori Yamasaki	17y 4m	
MMR-AA003	MMR		2014-11-28	Hiyori Yamasaki	17y 7m	
AILE-001	AILE		2012-02-23	Honoka Kawai	15y 2m	
CUM-008	CUM		2012-04-18	Honoka Kawai	15y 4m	
AILE-005	AILE		2012-06-23	Honoka Kawai	15y 6m	
SWPT-004	SWPT		2012-09-15	Honoka Kawai	15y 9m	
AILE-014	AILE		2013-01-13	Honoka Kawai	16y 1m	
AILE-022	AILE		2013-04-13	Honoka Kawai	16y 4m	
AILE-025	AILE		2013-07-23	Honoka Kawai	16y 7m	
AILE-501	AILE		2013-08-13	Honoka Kawai	16y 8m	
JKDD-001	JKDD		2013-09-30	Honoka Kawai	16y 9m	
JKDD-002	JKDD		2013-11-30	Honoka Kawai	16y 11m	
JKDD-004	JKDD		2014-01-31	Honoka Kawai	17y 1m	
JKDD-005	JKDD		2014-03-31	Honoka Kawai	17y 3m	
JKDD-006	JKDD		2014-05-31	Honoka Kawai	17y 5m	
SHI-011	SHI		2014-06-28	Honoka Kawai	17y 6m	
CTLD-006	CTLD		2014-08-23	Honoka Kawai	17y 8m	
AILEB-002	AILEB		2014-11-13	Honoka Kawai	17y 11m	Very Likely
GKSK-019	GKSK		2008-04-04	Honoka Maki	15y 5m	
OHP-059	OHP		2009-04-17	Honoka Maki	16y 6m	
OHP-2009	OHP		2007-12-21	Honoka Maki	15y 2m	
OHP-3007	OHP		2008-01-18	Honoka Maki	15y 3m	
CRLS-019	CRLS		2013-03-29	Ichigo Eguchi	17y 11m	Very Likely
JSSJ-072	JSSJ		2013-06-21	Irie Koharu	16y 12m	
PDOL-013	PDOL		2013-09-23	Irie Koharu	17y 3m	
VEIS-001	VEIS		2007-08-10	Isa Aoki	14y 10m	
GARO-021	GARO		2007-08-26	Isa Aoki	14y 10m	
GGGG-004	GGGG		2007-10-07	Isa Aoki	14y 12m	
LOLITA			2007-11-25	Isa Aoki	15y 1m	
SHGAD-005	SHGAD		2007-11-27	Isa Aoki	15y 1m	
OHP-2010	OHP		2008-01-18	Isa Aoki	15y 3m	
VDOB-0005	VDOB		2008-03-25	Isa Aoki	15y 5m	
GKSK-020	GKSK		2008-04-04	Isa Aoki	15y 6m	
OHP-3008	OHP		2008-04-18	Isa Aoki	15y 6m	
Meister 12			2008-06-27	Isa Aoki	15y 9m	
COJD-015	COJD		2008-07-29	Isa Aoki	15y 10m	
DAND-003	DAND		2008-08-04	Isa Aoki	15y 10m	
LINE-001	LINE		2008-09-14	Isa Aoki	15y 11m	
OHP-049	OHP		2008-11-21	Isa Aoki	16y 1m	
OHP-3013	OHP		2009-01-16	Isa Aoki	16y 3m	
GKSKW-041	GKSKW		2009-02-05	Isa Aoki	16y 4m	
RM-003	RM		2009-03-01	Isa Aoki	16y 5m	
UPGD-001S	UPGD		2009-03-20	Isa Aoki	16y 5m	
RM-005	RM		2009-05-22	Isa Aoki	16y 7m	
RM-006	RM		2009-06-26	Isa Aoki	16y 8m	
JSSJ-001	JSSJ		2009-07-24	Isa Aoki	16y 9m	
JSSJ-007	JSSJ		2009-09-25	Isa Aoki	16y 11m	
JSSJ-008	JSSJ		2009-10-23	Isa Aoki	16y 12m	
SOPD-6014	SOPD		2010-01-22	Isa Aoki	17y 3m	
PIXY-013	PIXY		2013-02-28	Izumi Hiyori	14y 12m	
TASKJ-135	TASKJ		2013-04-20	Izumi Hiyori	15y 2m	
PIXY-017	PIXY		2013-06-23	Izumi Hiyori	15y 4m	
PDOL-012	PDOL		2013-08-23	Izumi Hiyori	15y 6m	
MIU-015	MIU		2013-10-18	Izumi Hiyori	15y 8m	
SHI-004	SHI		2013-12-28	Izumi Hiyori	15y 10m	
PIXY-027	PIXY		2014-02-23	Izumi Hiyori	15y 12m	
SHI-009	SHI		2014-04-28	Izumi Hiyori	16y 2m	
SOPA-009	SOPA		2014-06-20	Izumi Hiyori	16y 4m	
SBVD-0248	SBVD		2014-09-26	Izumi Hiyori	16y 7m	
IMBD-306	IMBD		2014-12-20	Izumi Hiyori	16y 10m	
IMOU-015	IMOU		2014-12-20	Izumi Hiyori	16y 10m	
MMR-AQ003	MMR		2015-05-29	Izumi Hiyori	17y 3m	
MMR-AQ013	MMR		2015-11-27	Izumi Hiyori	17y 9m	
MMR-AQ020	MMR		2016-03-25	Izumi Hiyori	18y 1m	Possibly
DMSM-7323	DMSM		2007-10-25	Jennifer Kurosawa	17y 5m	
SCDV-19017	SCDV		2007-07-27	Jennifer Kurosawa	17y 2m	
KIDM-049	KIDM		2008-03-14	Jennifer Kurosawa	17y 10m	
ENFD-561	ENFD		2015-01-23	Jun Serizawa	16y 10m	
TSDS-42055	TSDS		2015-04-24	Jun Serizawa	17y 1m	
TSBS-81016	TSBS		2015-04-24	Jun Serizawa	17y 1m	
LCDV-40706	LCDV		2015-08-20	Jun Serizawa	17y 5m	
ENFD-5709	ENFD		2016-03-24	Jun Serizawa	17y 12m	Likely
MILK			2006-11-11	Kahi Suzukawa	14y 1m	
MILK-04	MILK		2006-12-01	Kahi Suzukawa	14y 2m	
MILK-05	MILK		2006-12-26	Kahi Suzukawa	14y 3m	
OHP-2006	OHP		2007-04-20	Kahi Suzukawa	14y 6m	
SCDV-24005	SCDV		2007-06-29	Kahi Suzukawa	14y 9m	
OHP-3003	OHP		2007-07-20	Kahi Suzukawa	14y 9m	
TASKJ-025	TASKJ		2007-10-20	Kahi Suzukawa	14y 12m	
MMR-359	MMR		2014-02-28	Kairi Mizuki	15y 5m	
MMR-385	MMR		2014-05-30	Kairi Mizuki	15y 8m	
TSDV-41668	TSDV		2014-08-22	Kairi Mizuki	15y 11m	
MMR-AK001	MMR		2014-11-28	Kairi Mizuki	16y 2m	
MMR-AK010	MMR		2015-02-27	Kairi Mizuki	16y 5m	
MMR-AK015	MMR		2015-05-29	Kairi Mizuki	16y 8m	
TASKS-045	TASKS		2016-02-20	Kairi Mizuki	17y 5m	
TASKR-035	TASKR		2016-02-20	Kairi Mizuki	17y 5m	
SCDV-10151	SCDV		2006-08-25	Kana Anzai	11y 1m	
TASKJ-004	TASKJ		2006-12-20	Kana Anzai	11y 5m	
SCDV-10161	SCDV		2007-03-02	Kana Anzai	11y 7m	
MMD-0012	MMD		2007-06-22	Kana Anzai	11y 11m	
FI-023	FI		2007-09-27	Kana Anzai	12y 2m	
TASKJ-034	TASKJ		2008-03-20	Kana Anzai	12y 8m	
HOLA-005	HOLA		2008-08-25	Kana Anzai	13y 1m	
TASKJ-047	TASKJ		2008-11-20	Kana Anzai	13y 4m	
TASKJ-054	TASKJ		2009-04-20	Kana Anzai	13y 9m	
TASKJ-061	TASKJ		2009-08-20	Kana Anzai	14y 1m	
TASKJ-065	TASKJ		2009-11-20	Kana Anzai	14y 4m	
TASKJ-069	TASKJ		2010-02-20	Kana Anzai	14y 7m	
TASKJ-074	TASKJ		2010-05-20	Kana Anzai	14y 10m	
TASKJ-082	TASKJ		2010-09-20	Kana Anzai	15y 2m	
TASKJ-089	TASKJ		2011-01-20	Kana Anzai	15y 6m	
TASKJ-095	TASKJ		2011-04-20	Kana Anzai	15y 9m	
MM-097	MM		2013-07-26	Kana Anzai	17y 12m	Likely
TASKJ-101	TASKJ		2011-07-20	Kana Anzai	15y 12m	
MMR-171	MMR		2012-02-24	Kana Anzai	16y 7m	
DOLC-002	DOLC		2012-05-18	Kana Anzai	16y 10m	
REIO-010	REIO		2012-07-30	Kana Anzai	16y 12m	
MMR-273	MMR		2013-07-26	Kana Anzai	17y 12m	Likely
JSSJ-029	JSSJ		2011-09-16	Kana Takasugi	16y 7m	
JSSJ-031	JSSJ		2011-11-18	Kana Takasugi	16y 9m	
TRSF-031	TRSF		2012-01-21	Kana Takasugi	16y 12m	
JSSJ-039	JSSJ		2012-04-20	Kana Takasugi	17y 3m	
SBVD-0145	SBVD		2012-06-29	Kana Takasugi	17y 5m	
MMR-198	MMR		2012-09-28	Kana Takasugi	17y 8m	
JSSJT-001	JSSJT		2012-10-19	Kana Takasugi	17y 8m	
JSSJ-052	JSSJ		2012-11-23	Kana Takasugi	17y 10m	
MMR-235	MMR		2013-01-25	Kana Takasugi	17y 12m	Likely
JSSJ-067	JSSJ		2013-04-19	Kana Takasugi	18y 2m	Unlikely
RM-002	RM		2009-01-23	Kanno Momo	16y 10m	
LINE-008	LINE		2009-03-14	Kanno Momo	16y 11m	
KU-025	KU		2009-06-26	Kanno Momo	17y 3m	
JSSJ-003	JSSJ		2009-07-24	Kanno Momo	17y 4m	
LINE-003	LINE		2008-11-15	Kanon Tsuki	17y 5m	
DAND-006	DAND		2008-12-05	Kanon Tsuki	17y 6m	
GKSK-040	GKSK		2009-02-05	Kanon Tsuki	17y 8m	
DAND-008	DAND		2009-03-06	Kanon Tsuki	17y 9m	
UPGD-003	UPGD		2009-04-17	Kanon Tsuki	17y 10m	
LINE-011	LINE		2009-06-13	Kanon Tsuki	17y 12m	Likely
SCDV-19001	SCDV		2006-02-03	Kaori Osaki	17y 5m	
DMSM-6828	DMSM		2006-09-25	Kaori Osaki	18y 1m	Possibly
JSSJ-017	JSSJ		2010-06-18	Karen Arai	17y 8m	
MMR-AA024	MMR		2015-08-28	Karen Hayama	17y 10m	
MMR-AA028	MMR		2015-10-30	Karen Hayama	17y 12m	Likely
JSSJ-154	JSSJ		2015-12-18	Karen Hayama	18y 1m	Possibly
TRID-225	TRID		2012-09-22	Karen Kobayashi	15y 5m	
DSTAR-015	DSTAR		2013-01-25	Karen Kobayashi	15y 9m	
DSTAR-020	DSTAR		2013-04-26	Karen Kobayashi	15y 12m	
BSTAR-020	BSTAR		2013-04-26	Karen Kobayashi	15y 12m	
DSTAR-025	DSTAR		2013-07-26	Karen Kobayashi	16y 3m	
BSTAR-025	BSTAR		2013-07-26	Karen Kobayashi	16y 3m	
SSE-9001	SSE		2013-10-25	Karen Kobayashi	16y 6m	
ENFD-5527	ENFD		2014-01-24	Karen Kobayashi	16y 9m	
TSDV-41640	TSDV		2014-05-23	Karen Kobayashi	16y 12m	
XAM-100	XAM		2014-08-27	Karen Kobayashi	17y 4m	
DSTAR-027	DSTAR		2014-11-28	Karen Kobayashi	17y 7m	
LCDV-40680	LCDV		2015-02-20	Karen Kobayashi	17y 9m	
IMOM-174	IMOM		2011-02-10	Karen Nishino	12y 5m	
IMOG-204	IMOG		2011-05-10	Karen Nishino	12y 8m	
IMOL-013	IMOL		2011-07-10	Karen Nishino	12y 10m	
IMOF-091	IMOF		2011-10-10	Karen Nishino	13y 1m	
IMBD-042	IMBD		2011-10-25	Karen Nishino	13y 2m	
IMBD-052	IMBD		2011-12-10	Karen Nishino	13y 3m	
IMOG-230	IMOG		2011-12-10	Karen Nishino	13y 3m	
IMOL-028	IMOL		2012-02-10	Karen Nishino	13y 5m	
IMBD-066	IMBD		2012-02-10	Karen Nishino	13y 5m	
IMOF-104	IMOF		2012-02-25	Karen Nishino	13y 6m	
IMBD-079	IMBD		2012-04-10	Karen Nishino	13y 7m	
IMOG-247	IMOG		2012-04-10	Karen Nishino	13y 7m	
IMBD-091	IMBD		2012-06-10	Karen Nishino	13y 9m	
IMOL-032	IMOL		2012-06-10	Karen Nishino	13y 9m	
IMOF-117	IMOF		2012-07-25	Karen Nishino	13y 11m	
IMBD-107	IMBD		2012-08-25	Karen Nishino	13y 12m	
IMOT-009	IMOT		2012-08-25	Karen Nishino	13y 12m	
IMOT-012	IMOT		2012-09-25	Karen Nishino	14y 1m	
IMBD-113	IMBD		2012-09-25	Karen Nishino	14y 1m	
IMOF-127	IMOF		2012-11-25	Karen Nishino	14y 3m	
IMOU-010	IMOU		2012-12-22	Karen Nishino	14y 4m	
IMBD-133	IMBD		2012-12-22	Karen Nishino	14y 4m	
IMBD-150	IMBD		2013-02-10	Karen Nishino	14y 5m	
IMOT-018	IMOT		2013-02-10	Karen Nishino	14y 5m	
IMBD-165	IMBD		2013-04-25	Karen Nishino	14y 8m	
IMWL-012	IMWL		2013-04-25	Karen Nishino	14y 8m	
IMOQ-014	IMOQ		2013-06-25	Karen Nishino	14y 10m	
IMBD-180	IMBD		2013-06-25	Karen Nishino	14y 10m	
IMBD-195	IMBD		2013-08-25	Karen Nishino	14y 12m	
IMOF-144	IMOF		2013-08-25	Karen Nishino	14y 12m	
IMWL-020	IMWL		2013-08-25	Karen Nishino	14y 12m	
IMOT-026	IMOT		2013-10-25	Karen Nishino	15y 2m	
IMBD-208	IMBD		2013-10-25	Karen Nishino	15y 2m	
IMBD-221	IMBD		2013-12-10	Karen Nishino	15y 3m	
IMWL-026	IMWL		2013-12-10	Karen Nishino	15y 3m	
DUND-001	DUND		2017-05-25	Karen Nishino	18y 9m	No
PRTN-06	PRTN		2012-07-31	Karen Nishino	13y 11m	
PRTN-10	PRTN		2012-10-26	Karen Nishino	14y 2m	
PRTN-12	PRTN		2013-03-29	Karen Nishino	14y 7m	
PRNS-03	PRNS		2013-11-30	Karen Nishino	15y 3m	
ARH-002	ARH		2012-06-10	Karen Tsukishima	15y 5m	
ARH-006	ARH		2012-07-10	Karen Tsukishima	15y 6m	
BLR-001	BLR		2012-07-20	Karen Tsukishima	15y 6m	
ARS-001	ARS		2012-08-10	Karen Tsukishima	15y 7m	
HNS-001	HNS		2012-11-10	Karen Tsukishima	15y 10m	
GTRB-001	GTRB		2012-12-28	Karen Tsukishima	15y 12m	
ARHB-002	ARHB		2013-03-20	Karen Tsukishima	16y 2m	
GTRB-006	GTRB		2013-12-20	Karen Tsukishima	16y 11m	
JTDV-020	JTDV		2007-01-26	Kasahara Marina	17y 7m	
OHP-022	OHP		2007-06-22	Kasahara Marina	17y 11m	Very Likely
DAND-003	DAND		2008-08-04	Kasahara Marina	19y 1m	No
JSSJ-034	JSSJ		2012-01-27	Katou Marin	13y 9m	
JSSJ-037	JSSJ		2012-03-16	Katou Marin	13y 10m	
PRTN-02	PRTN		2012-05-31	Katou Marin	14y 1m	
GUILD-011	GUILD		2012-07-23	Katou Marin	14y 2m	
GUILD-017	GUILD		2012-09-20	Katou Marin	14y 4m	
JSSJT-001	JSSJT		2012-10-19	Katou Marin	14y 5m	
MMR-223	MMR		2012-12-14	Katou Marin	14y 7m	
JSSJ-060	JSSJ		2013-02-22	Katou Marin	14y 9m	
JSSJ-066	JSSJ		2013-04-19	Katou Marin	14y 11m	
OHP-2017	OHP		2008-06-20	Kira Nanami	14y 7m	
KU-009	KU		2008-07-25	Kira Nanami	14y 8m	
OHP-3010	OHP		2008-08-15	Kira Nanami	14y 8m	
MMR-AA023	MMR		2015-08-28	Kobayashi Kasumi	15y 2m	
JSSJ-149	JSSJ		2015-10-16	Kobayashi Kasumi	15y 4m	
MMR-AA035	MMR		2015-12-18	Kobayashi Kasumi	15y 6m	
MMR-AA042	MMR		2016-02-26	Kobayashi Kasumi	15y 8m	
JSSJ-164	JSSJ		2016-04-22	Kobayashi Kasumi	15y 10m	
MMR-AA052	MMR		2016-06-24	Kobayashi Kasumi	15y 12m	
MMR-AA059	MMR		2016-08-26	Kobayashi Kasumi	16y 2m	
SVBD-AA005	SVBD		2016-10-28	Kobayashi Kasumi	16y 4m	
CMP-047	CMP		2013-06-07	Kobayashi Sae	16y 6m	
JSSJ-115	JSSJ		2014-08-22	Koharu Sasaki	17y 10m	
MMR-AA001	MMR		2014-10-31	Koharu Sasaki	17y 12m	Likely
PIST-043	PIST		2014-01-23	Kohina Kato	16y 9m	
PIST-045	PIST		2014-03-23	Kohina Kato	16y 11m	
PIST-047	PIST		2014-05-23	Kohina Kato	17y 1m	
GCOLB-001	GCOLB		2014-11-23	Kohina Kato	17y 7m	
MMR-229	MMR		2012-12-14	Kojima Aoi	17y 3m	
MMR-275	MMR		2013-07-26	Kotora Mafune	17y 12m	Likely
MMR-309	MMR		2013-10-25	Kotora Mafune	18y 4m	No
SNNY-001	SNNY		2013-02-23	Koyama Mitsuki	17y 5m	
SNSY-002	SNSY		2013-05-31	Koyama Mitsuki	17y 8m	
LTN-0001	LTN		2007-01-24	Mai Fujiko	16y 8m	
LTN-0003	LTN		2007-05-23	Mai Fujiko	16y 12m	
BBOB-0001	BBOB		2007-07-25	Mai Fujiko	17y 2m	
PEACH-018D	PEACH		2007-07-28	Mai Fujiko	17y 2m	
EIGHT-090D	EIGHT		2007-11-18	Mai Fujiko	17y 5m	
BBOB-003	BBOB		2007-11-25	Mai Fujiko	17y 6m	
BOM-001	BOM		2006-??-??	Mai Fujiko		
TOKYO-008	TOKYO		2011-07-01	Mai Mizuno	12y 5m	
SBKD-0032	SBKD		2011-08-30	Mai Mizuno	12y 7m	
TOKYO-014	TOKYO		2011-09-16	Mai Mizuno	12y 7m	
TOKYO-016	TOKYO		2011-10-07	Mai Mizuno	12y 8m	
DOKAN-002	DOKAN		2011-11-18	Mai Mizuno	12y 9m	
TOKYO-020	TOKYO		2011-11-18	Mai Mizuno	12y 9m	
TOKYO-022	TOKYO		2011-12-02	Mai Mizuno	12y 10m	
TOKYO-025	TOKYO		2012-01-06	Mai Mizuno	12y 11m	
TOKYO-028	TOKYO		2012-02-17	Mai Mizuno	12y 12m	
TOKYO-031	TOKYO		2012-03-02	Mai Mizuno	13y 1m	
DOKAN-003	DOKAN		2012-03-30	Mai Mizuno	13y 2m	
TOKYO-033	TOKYO		2012-04-06	Mai Mizuno	13y 2m	
TOKYO-037	TOKYO		2012-05-04	Mai Mizuno	13y 3m	
TOKYO-040	TOKYO		2012-06-29	Mai Mizuno	13y 5m	
HTC-003	HTC		2012-07-20	Mai Mizuno	13y 5m	
TOKYO-045	TOKYO		2012-08-03	Mai Mizuno	13y 6m	
HTC-004	HTC		2012-08-18	Mai Mizuno	13y 6m	
TOKYO-048	TOKYO		2012-09-25	Mai Mizuno	13y 7m	
TOKYO-048B	TOKYO		2012-09-25	Mai Mizuno	13y 7m	
JMKD-0007	JMKD		2012-10-31	Mai Mizuno	13y 9m	
TOKYO-053	TOKYO		2012-11-16	Mai Mizuno	13y 9m	
TASKJ-130	TASKJ		2013-01-20	Mai Mizuno	13y 11m	
TSDV-41515	TSDV		2013-03-22	Mai Mizuno	14y 1m	
CLSC-003	CLSC		2013-06-14	Mai Mizuno	14y 4m	
TASKJ-143	TASKJ		2013-12-20	Mai Mizuno	14y 10m	
PRNS-04	PRNS		2014-01-31	Mai Mizuno	14y 12m	
OUTN-0016	OUTN		2015-06-16	Mai Mizuno	16y 4m	
TASKW-003	TASKW		2016-06-20	Mai Mizuno	17y 4m	
CPSKY-264	CPSKY		2012-07-07	Mai Oozora	14y 2m	
CPBD-017	CPBD		2012-07-07	Mai Oozora	14y 2m	
AOSPV-003	AOSPV		2012-10-06	Mai Oozora	14y 5m	
CPBD-022	CPBD		2012-10-06	Mai Oozora	14y 5m	
CPSKY-274	CPSKY		2012-10-06	Mai Oozora	14y 5m	
AOSBD-029	AOSBD		2012-11-23	Mai Oozora	14y 6m	
CPBD-034	CPBD		2013-04-13	Mai Oozora	14y 11m	
CPSKY-284	CPSKY		2013-04-13	Mai Oozora	14y 11m	
CLR-4033	CLR		2006-05-19	Mai Sasaki	10y 9m	
SOPD-3820	SOPD		2006-09-22	Mai Sasaki	11y 1m	
MMD-0007	MMD		2006-10-15	Mai Sasaki	11y 2m	
SEDV-308	SEDV		2006-11-01	Mai Sasaki	11y 3m	
BKDV-00218	BKDV		2006-11-24	Mai Sasaki	11y 4m	
SEDV-313	SEDV		2007-01-01	Mai Sasaki	11y 5m	
SCDV-10158	SCDV		2007-01-19	Mai Sasaki	11y 5m	
BKDV-00233	BKDV		2007-02-23	Mai Sasaki	11y 7m	
WAT-002	WAT		2007-07-15	Mai Sasaki	11y 11m	
WAT-003	WAT		2007-09-01	Mai Sasaki	12y 1m	
WAT-004	WAT		2007-09-01	Mai Sasaki	12y 1m	
TASKJ-027	TASKJ		2007-11-20	Mai Sasaki	12y 3m	
WAT-010	WAT		2008-04-01	Mai Sasaki	12y 8m	
WAT-014	WAT		2008-09-10	Mai Sasaki	13y 1m	
WAD-005	WAD		2006-03-24	Mai Takahashi	09y 4m	
SSKW-046	SSKW		2006-06-25	Mai Takahashi	09y 7m	
IMOM-001	IMOM		2008-01-25	Mai Takahashi	11y 2m	
IMOM-002	IMOM		2008-02-25	Mai Takahashi	11y 3m	
KNGK-001	KNGK		2008-03-25	Mai Takahashi	11y 4m	
IMOM-010	IMOM		2008-05-25	Mai Takahashi	11y 6m	
IMOM-012	IMOM		2008-06-25	Mai Takahashi	11y 7m	
IMOG-052	IMOG		2008-09-25	Mai Takahashi	11y 10m	
IMOG-054	IMOG		2008-10-25	Mai Takahashi	11y 11m	
IMOM-037	IMOM		2008-12-25	Mai Takahashi	12y 1m	
IMOG-060	IMOG		2009-01-25	Mai Takahashi	12y 2m	
IMOM-053	IMOM		2009-03-25	Mai Takahashi	12y 4m	
IMOM-067	IMOM		2009-05-25	Mai Takahashi	12y 6m	
IMOM-075	IMOM		2009-07-25	Mai Takahashi	12y 8m	
IMOG-134	IMOG		2010-02-10	Mai Takahashi	13y 3m	
IMOY-004	IMOY		2010-08-25	Mai Takahashi	13y 9m	
IMOF-044	IMOF		2010-09-25	Mai Takahashi	13y 10m	
IMOM-150	IMOM		2010-10-10	Mai Takahashi	13y 11m	
IMOM-159	IMOM		2010-11-10	Mai Takahashi	13y 12m	
IMOF-058	IMOF		2011-01-15	Mai Takahashi	14y 2m	
SSE-003	SSE		2011-10-21	Mai Takahashi	14y 11m	
AJST-0001	AJST		2012-01-30	Mai Takahashi	15y 3m	
TRID-216	TRID		2012-05-22	Mai Takahashi	15y 6m	
DSTAR-009	DSTAR		2012-08-03	Mai Takahashi	15y 9m	
PIXY-003	PIXY		2012-09-23	Mai Takahashi	15y 10m	
DSTAR-014	DSTAR		2012-11-30	Mai Takahashi	16y 1m	
SBKD-0068	SBKD		2013-01-30	Mai Takahashi	16y 3m	
GUILD-031	GUILD		2013-03-21	Mai Takahashi	16y 4m	
FEIR-0081	FEIR		2013-05-24	Mai Takahashi	16y 6m	
OHDO-002	OHDO		2013-07-23	Mai Takahashi	16y 8m	
ARC-006	ARC		2006-09-01	Mami Fujie	17y 5m	
KBOOT-07	KBOOT		2006-11-22	Mami Fujie	17y 8m	
ILD-010	ILD		2006-12-22	Mami Fujie	17y 9m	
PEACH-014D	PEACH		2006-12-24	Mami Fujie	17y 9m	
SCDV-24003	SCDV		2007-01-12	Mami Fujie	17y 10m	
LOVEDOL-001	LOVEDOL		2007-02-21	Mami Fujie	17y 11m	Very Likely
PEACH-015D	PEACH		2007-02-24	Mami Fujie	17y 11m	Very Likely
EIGHT-062D	EIGHT		2007-03-18	Mami Fujie	17y 12m	Likely
EIGHY-068D	EIGHY		2007-05-26	Mami Fujie	18y 2m	Unlikely
GAFD-004	GAFD		2004-02-28	Mao Kobayashi	11y 12m	
TREJ-0002	TREJ		2004-03-25	Mao Kobayashi	12y 1m	
GAFD-014	GAFD		2004-06-10	Mao Kobayashi	12y 3m	
BKDV-00025	BKDV		2004-07-23	Mao Kobayashi	12y 5m	
GAFD-020	GAFD		2004-12-08	Mao Kobayashi	12y 9m	
BKDV-00069	BKDV		2005-02-25	Mao Kobayashi	12y 12m	
GARO-001	GARO		2005-05-23	Mao Kobayashi	13y 3m	
BKDV-00094	BKDV		2005-07-29	Mao Kobayashi	13y 5m	
TREJ-0012	TREJ		2005-12-21	Mao Kobayashi	13y 10m	
BKDV-00136	BKDV		2005-12-23	Mao Kobayashi	13y 10m	
BKDV-00163	BKDV		2006-03-24	Mao Kobayashi	14y 1m	
GARO-005	GARO		2005-05-21	Mao Kobayashi	13y 3m	
GARO-006	GARO		2006-06-21	Mao Kobayashi	14y 4m	
LBTD-002	LBTD		2006-07-22	Mao Kobayashi	14y 5m	
BKDV-00203	BKDV		2006-09-29	Mao Kobayashi	14y 7m	
BKDV-00217	BKDV		2006-11-24	Mao Kobayashi	14y 9m	
KQT-098	KQT		2007-03-22	Mao Kobayashi	15y 1m	
KQT-097	KQT		2007-03-22	Mao Kobayashi	15y 1m	
TRID-021	TRID		2007-06-22	Mao Kobayashi	15y 4m	
KBOOT-14	KBOOT		2007-09-28	Mao Kobayashi	15y 7m	
FPO-001	FPO		2008-04-28	Mao Kobayashi	16y 2m	
PKMC-003	PKMC		2010-01-01	Mao Kobayashi	17y 10m	
PKMC-004	PKMC		2010-01-01	Mao Kobayashi	17y 10m	
PIXY-025	PIXY		2013-12-23	Maria Mizuki	16y 5m	
JSSM-004	JSSM		2014-03-21	Maria Mizuki	16y 8m	
JKSS-004	JKSS		2014-05-23	Maria Mizuki	16y 10m	
MMR-288	MMR		2013-08-30	Marika Yura	17y 4m	
MMR-308	MMR		2013-10-25	Marika Yura	17y 6m	
SMAC-002	SMAC		2011-04-08	Marin Moriya	17y 12m	Likely
MMR-AA008	MMR		2015-02-27	Marin Ogawa	16y 1m	
JSSJ-138	JSSJ		2015-04-17	Marin Ogawa	16y 3m	
JSSJ-141	JSSJ		2015-06-19	Marin Ogawa	16y 5m	
OUTN-0036	OUTN		2016-04-16	Marin Tsuchiya	13y 8m	
SBKD-0143	SBKD		2016-07-29	Marin Tsuchiya	13y 11m	
OUTN-0050	OUTN		2016-09-16	Marin Tsuchiya	14y 1m	
OUTN-0056	OUTN		2016-11-16	Marin Tsuchiya	14y 3m	
OUTN-0058	OUTN		2017-01-16	Marin Tsuchiya	14y 5m	
OUTN-0060	OUTN		2017-03-16	Marin Tsuchiya	14y 7m	
OUTN-0062	OUTN		2017-05-16	Marin Tsuchiya	14y 9m	
OUTN-0065	OUTN		2017-08-16	Marin Tsuchiya	14y 12m	
OUTN-0068	OUTN		2017-11-16	Marin Tsuchiya	15y 3m	
EICKB-001	EICKB		2010-11-25	Masako Saito	16y 9m	
TSDV-41342	TSDV		2011-04-22	Masako Saito	17y 2m	
LCDV-40479	LCDV		2011-07-20	Masako Saito	17y 5m	
TRID-192	TRID		2011-10-19	Masako Saito	17y 8m	
EICKB-007	EICKB		2012-01-25	Masako Saito	17y 11m	Very Likely
DSTAR-005	DSTAR		2012-04-27	Masako Saito	18y 2m	Unlikely
JSSJ-030	JSSJ		2011-10-21	Mayu Suzuki	18y 6m	No
PIST-015	PIST		2011-12-23	Mayu Suzuki	18y 8m	No
CBOOT-07	CBOOT		2007-06-20	Megu Fujiura	17y 12m	Likely
EIGHT-071D	EIGHT		2007-06-25	Megu Fujiura	17y 12m	Likely
TBX-016	TBX		2007-07-25	Megu Fujiura	18y 1m	Possibly
PEACH-018D	PEACH		2007-07-28	Megu Fujiura	18y 1m	Possibly
ICDV-30025	ICDV		2009-09-04	Mei Aikawa	14y 7m	
OHP-2022	OHP		2009-12-18	Mei Aikawa	14y 10m	
GAPR-002	GAPR		2005-12-09	Miho Takai	15y 5m	
BKDV-00137	BKDV		2005-12-23	Miho Takai	15y 5m	
GARO-003	GARO		2006-02-28	Miho Takai	15y 8m	
ILD-001	ILD		2006-09-29	Miho Takai	16y 3m	
SOPD-3823	SOPD		2006-12-22	Miho Takai	16y 5m	
YYWK-002	YYWK		2007-01-20	Miho Takai	16y 6m	
PALD-004	PALD		2007-10-19	Miho Takai	17y 3m	
DMT-006	DMT		2007-11-20	Miho Takai	17y 4m	
OTH-011	OTH		2007-12-21	Miho Takai	17y 5m	
LCDV-40307	LCDV		2008-03-20	Miho Takai	17y 8m	
QHL-005	QHL		2008-06-20	Miho Takai	17y 11m	Very Likely
SSE-9002	SSE		2013-11-29	Miina Aoki	15y 10m	
SSE-9005	SSE		2014-02-28	Miina Aoki	16y 1m	
TYCTV-0002	TYCTV		2014-07-25	Miina Aoki	16y 6m	
PIST-012	PIST		2011-10-23	Miki Sayama	17y 10m	
KNGA-003	KNGA		2008-03-25	Miku Sakurai	15y 2m	
OHP-2014	OHP		2008-04-18	Miku Sakurai	15y 3m	
KIDM-072	KIDM		2008-07-11	Miku Sakurai	15y 6m	
KIDM-082	KIDM		2008-09-12	Miku Sakurai	15y 8m	
SOPD-5001	SOPD		2008-10-10	Miku Sakurai	15y 9m	
KIDM-151	KIDM		2009-09-25	Miku Sakurai	16y 8m	
KIDM-158	KIDM		2009-11-13	Miku Sakurai	16y 10m	
KIDM-174	KIDM		2010-02-26	Miku Sakurai	17y 1m	
KIDM-186	KIDM		2010-04-30	Miku Sakurai	17y 3m	
KIDM-197	KIDM		2010-07-09	Miku Sakurai	17y 6m	
KIDM-207	KIDM		2010-09-10	Miku Sakurai	17y 8m	
KIDM-215	KIDM		2010-11-12	Miku Sakurai	17y 10m	
kidm-223	kidm		2011-01-14	Miku Sakurai	17y 12m	Likely
KIDM-235	KIDM		2011-04-22	Miku Sakurai	18y 3m	No
KIDM-250	KIDM		2011-07-08	Miku Sakurai	18y 6m	No
KIDM-267	KIDM		2011-10-28	Miku Sakurai	18y 9m	No
KIDM-279	KIDM		2012-01-13	Miku Sakurai	18y 12m	No
CPSKY-039	CPSKY		2007-10-05	Miku Takaoka	12y 8m	
WCRM-02	WCRM		2007-12-07	Miku Takaoka	12y 10m	
DCG-001	DCG		2008-04-19	Miku Takaoka	13y 3m	
DCG-003	DCG		2008-08-25	Miku Takaoka	13y 7m	
DCG-009	DCG		2008-11-25	Miku Takaoka	13y 10m	
CPSKY-062	CPSKY		2008-12-12	Miku Takaoka	13y 11m	
CPSKY-075	CPSKY		2009-03-13	Miku Takaoka	14y 2m	
CPSKY-074	CPSKY		2009-03-13	Miku Takaoka	14y 2m	
CPSKY-089	CPSKY		2009-05-01	Miku Takaoka	14y 3m	
CPSKY-088	CPSKY		2009-05-01	Miku Takaoka	14y 3m	
CPSKY-102	CPSKY		2009-07-24	Miku Takaoka	14y 6m	
CPSKY-109	CPSKY		2009-08-28	Miku Takaoka	14y 7m	
CPSKY-113	CPSKY		2009-09-11	Miku Takaoka	14y 8m	
CPDR-005	CPDR		2009-10-01	Miku Takaoka	14y 8m	
CPSKY-127	CPSKY		2009-11-20	Miku Takaoka	14y 10m	
CPSKY-132	CPSKY		2009-12-18	Miku Takaoka	14y 11m	
CPDR-021	CPDR		2010-01-13	Miku Takaoka	14y 12m	
CPDR-019	CPDR		2010-01-13	Miku Takaoka	14y 12m	
CPSKY-138	CPSKY		2010-01-15	Miku Takaoka	14y 12m	
CPSKY-142	CPSKY		2010-02-05	Miku Takaoka	14y 12m	
SCK-1001	SCK		2010-02-19	Miku Takaoka	15y 1m	
CPSKY-146	CPSKY		2010-03-12	Miku Takaoka	15y 2m	
CPSKY-160	CPSKY		2010-05-14	Miku Takaoka	15y 4m	
CPSKY-177	CPSKY		2010-09-17	Miku Takaoka	15y 8m	
CPSKY-195	CPSKY		2011-01-07	Miku Takaoka	15y 11m	
FEIR-0032	FEIR		2011-05-16	Miku Takaoka	16y 4m	
PLG-001	PLG		2011-10-21	Miku Takaoka	16y 9m	
SBKD-0035	SBKD		2011-10-28	Miku Takaoka	16y 9m	
TBOG-001	TBOG		2012-01-21	Miku Takaoka	16y 12m	
SMAC-019	SMAC		2012-03-03	Miku Takaoka	17y 1m	
AOSBD-007	AOSBD		2012-06-16	Miku Takaoka	17y 5m	
SMAC-027	SMAC		2012-06-16	Miku Takaoka	17y 5m	
AOSBD-018	AOSBD		2012-09-22	Miku Takaoka	17y 8m	
SMAC-040	SMAC		2012-09-22	Miku Takaoka	17y 8m	
SMAC-048	SMAC		2012-11-17	Miku Takaoka	17y 10m	
AOSBD-027	AOSBD		2012-11-17	Miku Takaoka	17y 10m	
AOSBD-030	AOSBD		2013-03-23	Miku Takaoka	18y 2m	Unlikely
SMAC-051	SMAC		2013-03-23	Miku Takaoka	18y 2m	Unlikely
TSDV-45009	TSDV		2011-05-20	Mikumo Kinoshita	16y 7m	
MMR-147	MMR		2011-08-26	Mikumo Kinoshita	16y 11m	
FEIR-0050	FEIR		2011-11-16	Mikumo Kinoshita	17y 1m	
MMR-189	MMR		2012-07-27	Mikumo Kinoshita	17y 10m	
JSSJ-145	JSSJ		2015-08-21	Mikuni Saran	16y 6m	
OHP-2020	OHP		2009-07-17	Mime Shizuka	14y 8m	
OHP-3015	OHP		2009-08-21	Mime Shizuka	14y 9m	
KU-032	KU		2009-10-30	Mime Shizuka	14y 12m	
SOPD-9058	SOPD		2010-01-22	Mime Shizuka	15y 3m	
KU-045	KU		2010-03-26	Mime Shizuka	15y 5m	
KU-063	KU		2010-10-29	Mime Shizuka	15y 12m	
KU-069	KU		2011-01-28	Mime Shizuka	16y 3m	
GOD-021	GOD			Min Min		
MMR-330	MMR		2013-12-13	Minami Horiguchi	17y 2m	
JSSJ-098	JSSJ		2014-02-28	Minami Horiguchi	17y 4m	
DDD-001	DDD		2011-12-02	Minami Watase		
SSE-9006	SSE		2014-08-29	Mio Fujitani	14y 2m	
ZEUS-012	ZEUS		2014-12-10	Mio Fujitani	14y 5m	
PRWH-010	PRWH		2015-10-23	Mio Fujitani	15y 4m	
MMR-AL013	MMR		2015-12-18	Mio Fujitani	15y 5m	
LLCV-0001	LLCV		2016-02-27	Mio Fujitani	15y 8m	
LLCV-0005	LLCV		2016-06-29	Mio Fujitani	15y 12m	
SBVD-0116	SBVD		2011-06-24	Mio Katsuragi	17y 3m	
TSDV-41388	TSDV		2011-11-21	Mio Katsuragi	17y 8m	
DOLC-001	DOLC		2012-04-20	Mio Katsuragi	18y 1m	Possibly
MMR-AK051	MMR		2016-06-24	Mirai Akiyoshi	16y 1m	
MMR-AK053	MMR		2016-07-29	Mirai Akiyoshi	16y 3m	
MMR-AK055	MMR		2016-09-23	Mirai Akiyoshi	16y 4m	
MMR-AK062	MMR		2016-10-28	Mirai Akiyoshi	16y 6m	
GKSK-009	GKSK		2007-11-05	Misato Ougi	14y 2m	
MILK-06	MILK		2007-12-21	Misato Ougi	14y 3m	
MILK-07	MILK		2008-01-18	Misato Ougi	14y 4m	
TSDV-006	TSDV		2008-01-25	Misato Ougi	14y 5m	
MSR-06	MSR		2008-02-22	Misato Ougi	14y 5m	
TSDV-010	TSDV		2008-03-26	Misato Ougi	14y 7m	
ICDV-30022	ICDV		2009-05-01	Misato Ougi	15y 8m	
JSSJ-018	JSSJ		2010-07-16	Misato Ougi	16y 10m	
CMP-025	CMP		2010-11-10	Misato Ougi	17y 2m	
CMP-027	CMP		2011-04-23	Misato Ougi	17y 7m	
SOPD-3820	SOPD		2006-09-22	Miya Manma	09y 6m	
SKB-12	SKB		2006-12-15	Miya Manma	09y 9m	
Noah-028	Noah		2007-02-23	Miya Manma	09y 11m	
CLR-4055	CLR		2007-04-20	Miya Manma	10y 1m	
WALZ-007	WALZ		2007-05-24	Miya Manma	10y 2m	
WAT-005	WAT		2007-09-01	Miya Manma	10y 5m	
WAT-003	WAT		2007-09-01	Miya Manma	10y 5m	
TASKJ-030	TASKJ		2007-12-20	Miya Manma	10y 9m	
WAT-010	WAT		2008-04-01	Miya Manma	10y 12m	
WAT-016	WAT		2009-02-10	Miya Manma	11y 11m	
HMP-004	HMP		2010-12-10	Miya Manma	13y 9m	
MSDV-002	MSDV		2011-05-26	Miya Manma	14y 2m	
MSDV-023	MSDV		2013-08-20	Miya Manma	16y 5m	
MSDV-025	MSDV		2013-12-25	Miya Manma	16y 9m	
AILE-033	AILE		2014-03-23	Miya Manma	16y 12m	
MSDV-027	MSDV		2014-05-16	Miya Manma	17y 2m	
AILE-034	AILE		2014-07-23	Miya Manma	17y 4m	
AILEB-001	AILEB		2014-03-23	Miya Manma	16y 12m	
AILE-036	AILE		2014-11-23	Miya Manma	17y 8m	
AILE-037	AILE		2015-01-13	Miya Manma	17y 10m	
AILEB-003	AILEB		2014-07-23	Miya Manma	17y 4m	
CUHE-004	CUHE		2015-03-13	Miya Manma	17y 12m	Likely
JSSJ-114	JSSJ		2014-08-22	Miyazaki Kurumi	18y 1m	Possibly
JKSS-008	JKSS		2014-10-23	Miyazaki Kurumi	18y 3m	No
SCDV-24002	SCDV		2006-12-01	Miyu Fujimura	19y 1m	No
PEACH-014D	PEACH		2006-12-24	Miyu Fujimura	19y 1m	No
MWKD-5008	MWKD		2007-03-27	Miyu Fujimura	19y 4m	No
OHP-3002	OHP		2007-06-22	Miyu Fujimura	19y 7m	No
PEACH-015D	PEACH		2007-07-28	Miyu Fujimura	19y 8m	No
PEACH-018D	PEACH		2007-07-28	Miyu Fujimura	19y 8m	No
TASKJ-079	TASKJ		2010-07-20	Miyu Sasaki	11y 8m	
FEIR-016	FEIR		2010-09-16	Miyu Sasaki	11y 10m	
TASKJ-087	TASKJ		2010-12-20	Miyu Sasaki	12y 1m	
SBKD-0024	SBKD		2011-02-25	Miyu Sasaki	12y 3m	
TOKYO-001	TOKYO		2011-03-25	Miyu Sasaki	12y 4m	
lovedol-021	lovedol		2011-03-25	Miyu Sasaki	12y 4m	
SSEB-001	SSEB		2011-04-29	Miyu Sasaki	12y 5m	
SSE-001	SSE		2011-04-29	Miyu Sasaki	12y 5m	
CHAMA-08	CHAMA		2011-06-24	Miyu Sasaki	12y 7m	
TOKYO-009	TOKYO		2011-07-15	Miyu Sasaki	12y 8m	
TOKYO-010	TOKYO		2011-08-05	Miyu Sasaki	12y 8m	
TOKYO-012	TOKYO		2011-09-02	Miyu Sasaki	12y 9m	
TOKYO-015	TOKYO		2011-10-07	Miyu Sasaki	12y 10m	
DOKAN-001	DOKAN		2011-10-07	Miyu Sasaki	12y 10m	
TOKYO-018	TOKYO		2011-11-04	Miyu Sasaki	12y 11m	
PLG-002	PLG		2011-11-04	Miyu Sasaki	12y 11m	
HTC-001	HTC		2011-11-18	Miyu Sasaki	12y 12m	
DOKAN-002	DOKAN		2011-11-18	Miyu Sasaki	12y 12m	
TOKYO-021	TOKYO		2011-12-02	Miyu Sasaki	12y 12m	
HTC-002	HTC		2011-12-16	Miyu Sasaki	13y 1m	
TOKYO-025	TOKYO		2012-01-06	Miyu Sasaki	13y 1m	
EICCB-014	EICCB		2012-01-25	Miyu Sasaki	13y 2m	
SBKD-0042	SBKD		2012-01-30	Miyu Sasaki	13y 2m	
TOKYO-027	TOKYO		2012-02-03	Miyu Sasaki	13y 2m	
TOKYO-030	TOKYO		2012-03-02	Miyu Sasaki	13y 3m	
DOKAN-003	DOKAN		2012-03-30	Miyu Sasaki	13y 4m	
CHAMA-22	CHAMA		2012-03-30	Miyu Sasaki	13y 4m	
TSDV-41431	TSDV		2012-04-20	Miyu Sasaki	13y 5m	
TOKYO-036	TOKYO		2012-05-04	Miyu Sasaki	13y 5m	
TASKR-002	TASKR		2012-05-20	Miyu Sasaki	13y 6m	
TOKYO-042	TOKYO		2012-07-20	Miyu Sasaki	13y 8m	
HTC-003	HTC		2012-07-20	Miyu Sasaki	13y 8m	
TOKYO-044	TOKYO		2012-08-03	Miyu Sasaki	13y 8m	
HTC-004	HTC		2012-08-18	Miyu Sasaki	13y 9m	
SBKD-0059	SBKD		2012-08-30	Miyu Sasaki	13y 9m	
SBKB-0002	SBKB		2012-08-30	Miyu Sasaki	13y 9m	
JMKD-0005	JMKD		2012-09-28	Miyu Sasaki	13y 10m	
TOKYO-049	TOKYO		2012-10-05	Miyu Sasaki	13y 10m	
TOKYO-049B	TOKYO		2012-10-05	Miyu Sasaki	13y 10m	
SBKD-0063	SBKD		2012-11-28	Miyu Sasaki	13y 12m	
TSDV-41488	TSDV		2012-12-21	Miyu Sasaki	14y 1m	
TOKYO-054	TOKYO		2012-12-21	Miyu Sasaki	14y 1m	
TOKYO-056	TOKYO		2013-01-18	Miyu Sasaki	14y 2m	
TOKYO-056B	TOKYO		2013-01-18	Miyu Sasaki	14y 2m	
EICCB-025	EICCB		2013-01-25	Miyu Sasaki	14y 2m	
JMKD-0011	JMKD		2013-02-27	Miyu Sasaki	14y 3m	
SBKD-0074	SBKD		2013-03-28	Miyu Sasaki	14y 4m	
SBKB-0007	SBKB		2013-03-28	Miyu Sasaki	14y 4m	
TOKYO-060	TOKYO		2013-04-19	Miyu Sasaki	14y 5m	
SBKD-0077	SBKD		2013-04-26	Miyu Sasaki	14y 5m	
TOKYO-061	TOKYO		2013-04-30	Miyu Sasaki	14y 5m	
HTC-007	HTC		2013-06-21	Miyu Sasaki	14y 7m	
JMKD-0015	JMKD		2013-06-28	Miyu Sasaki	14y 7m	
TOKYO-064	TOKYO		2013-07-19	Miyu Sasaki	14y 8m	
TOKYO-065	TOKYO		2013-08-23	Miyu Sasaki	14y 9m	
SBKD-0084	SBKD		2013-08-27	Miyu Sasaki	14y 9m	
JMKB-0001	JMKB		2013-09-27	Miyu Sasaki	14y 10m	
PRNS-02	PRNS		2013-10-31	Miyu Sasaki	14y 11m	
JMKD-0018	JMKD		2013-11-28	Miyu Sasaki	14y 12m	
EICCB-034	EICCB		2014-01-25	Miyu Sasaki	15y 2m	
PRNS-04	PRNS		2014-01-31	Miyu Sasaki	15y 2m	
JMKD-0019	JMKD		2014-02-27	Miyu Sasaki	15y 3m	
JMKB-0002	JMKB		2014-03-28	Miyu Sasaki	15y 4m	
JMRD-0056	JMRD		2014-07-25	Miyu Sasaki	15y 8m	
SBVD-0251	SBVD		2014-09-26	Miyu Sasaki	15y 10m	
JMRD-0061	JMRD		2014-12-26	Miyu Sasaki	16y 1m	
LCDV-40683	LCDV		2015-03-20	Miyu Sasaki	16y 4m	
LCBD-00683	LCBD		2015-03-20	Miyu Sasaki	16y 4m	
SBVD-0282	SBVD		2015-06-26	Miyu Sasaki	16y 7m	
JMRD-0067	JMRD		2015-10-30	Miyu Sasaki	16y 11m	
JMRD-0068	JMRD		2015-12-25	Miyu Sasaki	17y 1m	
CPSKY-178	CPSKY		2010-09-17	Miyu Suenaga	14y 9m	
CPSKY-191	CPSKY		2010-12-10	Miyu Suenaga	14y 12m	
CPSKY-209	CPSKY		2011-03-04	Miyu Suenaga	15y 3m	
CPSKY-208	CPSKY		2011-03-04	Miyu Suenaga	15y 3m	
CHAMA-07	CHAMA		2011-06-10	Miyu Suenaga	15y 6m	
SMAC-012	SMAC		2011-09-02	Miyu Suenaga	15y 8m	
PLG-004	PLG		2011-12-16	Miyu Suenaga	15y 12m	
SMAC-017	SMAC		2012-02-04	Miyu Suenaga	16y 2m	
AOSBD-004	AOSBD		2012-05-19	Miyu Suenaga	16y 5m	
SMAC-024	SMAC		2012-05-19	Miyu Suenaga	16y 5m	
AOSBD-020	AOSBD		2012-08-15	Miyu Suenaga	16y 8m	
TBOG-009	TBOG		2012-08-18	Miyu Suenaga	16y 8m	
AOSBD-022	AOSBD		2012-08-27	Miyu Suenaga	16y 8m	
SMAC-045	SMAC		2012-10-06	Miyu Suenaga	16y 10m	
AOSBD-017	AOSBD		2012-10-06	Miyu Suenaga	16y 10m	
SMAC-055	SMAC		2013-05-11	Miyu Suenaga	17y 5m	
ZEUS-007	ZEUS		2013-08-10	Miyu Suenaga	17y 8m	
VPBF-13801	VPBF		2013-11-27	Miyu Suenaga	17y 11m	Very Likely
ORGL-001	ORGL		2014-02-23	Miyu Suenaga	18y 2m	Unlikely
E-007	E		2015-06-23	Miyuki Wakana		
DW-003	DW		2007-09-28	Miyuu Hoshino		
ZZZZ-004	ZZZZ		2008-09-25	Miyuu Hoshino		
ZZZZ-005	ZZZZ		2008-09-25	Miyuu Hoshino		
ZZZZ-006	ZZZZ		2008-10-24	Miyuu Hoshino		
GOD-002	GOD		2008-11-21	Miyuu Hoshino		
GOD-008	GOD		2009-01-23	Miyuu Hoshino		
GOD-034	GOD		2009-10-23	Miyuu Hoshino		
GOD-038	GOD		2010-01-15	Miyuu Hoshino		
GOD-059	GOD		2010-07-16	Miyuu Hoshino		
GOD-067	GOD		2010-09-17	Miyuu Hoshino		
GOD-075	GOD		2010-11-19	Miyuu Hoshino		
GOD-084	GOD		2011-01-21	Miyuu Hoshino		
GOD-092	GOD		2011-03-18	Miyuu Hoshino		
GOD-099	GOD		2011-06-03	Miyuu Hoshino		
KIDM-388	KIDM		2013-09-20	Miyuu Hoshino		
KIDM-416	KIDM		2013-11-29	Miyuu Hoshino		
KIDM-483	KIDM		2014-09-12	Miyuu Hoshino		
SCDV-10029	SCDV		2003-05-10	Miyuu Kanzaki	09y 2m	
SCDV-10144	SCDV		2006-04-28	Miyuu Kanzaki	12y 2m	
SCDV-10162	SCDV		2007-03-16	Miyuu Kanzaki	12y 12m	
SCDV-22011	SCDV		2007-09-28	Miyuu Kanzaki	13y 7m	
MBR-054	MBR		2008-05-30	Mizuki Akino	16y 5m	
TASKH-023	TASKH		2008-08-20	Mizuki Akino	16y 8m	
TRST-0014	TRST		2009-07-10	Mizuki Akino	17y 6m	
JSSJ-061	JSSJ		2013-02-22	Mizuki Otsuka	18y 11m	No
JSSJ-068	JSSJ		2013-04-19	Mizuki Otsuka	18y 12m	No
JSSJ-074	JSSJ		2013-06-21	Mizuki Otsuka	19y 3m	No
IMOM-084	IMOM		2009-08-25	Momo Shina	11y 11m	
IMOM-087	IMOM		2009-09-25	Momo Shina	11y 12m	
IMOG-107	IMOG		2009-10-25	Momo Shina	12y 1m	
IMOM-100	IMOM		2009-11-25	Momo Shina	12y 2m	
IMOG-120	IMOG		2009-12-22	Momo Shina	12y 3m	
IMOF-018	IMOF		2010-01-25	Momo Shina	12y 4m	
IMOJ-007	IMOJ		2010-01-25	Momo Shina	12y 4m	
IMOM-122	IMOM		2010-02-10	Momo Shina	12y 5m	
IMOE-013	IMOE		2010-03-10	Momo Shina	12y 6m	
IMOF-024	IMOF		2010-03-25	Momo Shina	12y 6m	
IMOM-135	IMOM		2010-04-10	Momo Shina	12y 7m	
IMOG-147	IMOG		2010-05-10	Momo Shina	12y 8m	
IMOW-005	IMOW		2010-06-10	Momo Shina	12y 9m	
IMOF-033	IMOF		2010-06-25	Momo Shina	12y 9m	
IMOL-001	IMOL		2010-07-10	Momo Shina	12y 10m	
IMOY-002	IMOY		2010-08-10	Momo Shina	12y 11m	
IMBD-003	IMBD		2010-09-25	Momo Shina	12y 12m	
IMOG-168	IMOG		2010-09-25	Momo Shina	12y 12m	
IMOF-048	IMOF		2010-10-25	Momo Shina	13y 1m	
IMOY-009	IMOY		2010-11-25	Momo Shina	13y 2m	
IMBD-005	IMBD		2010-12-22	Momo Shina	13y 3m	
IMOG-178	IMOG		2010-12-22	Momo Shina	13y 3m	
IMOL-005	IMOL		2011-01-25	Momo Shina	13y 4m	
IMOF-062	IMOF		2011-02-10	Momo Shina	13y 5m	
IMBD-010	IMBD		2011-03-25	Momo Shina	13y 6m	
IMOG-193	IMOG		2011-03-25	Momo Shina	13y 6m	
IMBD-011	IMBD		2011-04-10	Momo Shina	13y 7m	
IMOG-200	IMOG		2011-04-10	Momo Shina	13y 7m	
IMOF-073	IMOF		2011-04-25	Momo Shina	13y 7m	
IMBD-013	IMBD		2011-05-10	Momo Shina	13y 8m	
IMOL-010	IMOL		2011-05-10	Momo Shina	13y 8m	
IMBD-017	IMBD		2011-06-10	Momo Shina	13y 9m	
IMOG-209	IMOG		2011-06-10	Momo Shina	13y 9m	
IMOG-210	IMOG		2011-06-10	Momo Shina	13y 9m	
IMBD-018	IMBD		2011-06-10	Momo Shina	13y 9m	
IMOQ-001	IMOQ		2011-07-10	Momo Shina	13y 10m	
IMBD-023	IMBD		2011-07-10	Momo Shina	13y 10m	
IMOF-087	IMOF		2011-08-25	Momo Shina	13y 11m	
IMBD-032	IMBD		2011-09-10	Momo Shina	13y 12m	
IMOL-020	IMOL		2011-09-10	Momo Shina	13y 12m	
IMOU-003	IMOU		2011-11-10	Momo Shina	14y 2m	
IMBD-043	IMBD		2011-11-10	Momo Shina	14y 2m	
IMBD-058	IMBD		2012-01-15	Momo Shina	14y 4m	
IMOG-237	IMOG		2012-01-15	Momo Shina	14y 4m	
IMOF-101	IMOF		2012-01-25	Momo Shina	14y 4m	
IMOG-241	IMOG		2012-02-10	Momo Shina	14y 5m	
IMBD-063	IMBD		2012-02-10	Momo Shina	14y 5m	
IMBD-068	IMBD		2012-02-25	Momo Shina	14y 5m	
IMBD-069	IMBD		2012-02-25	Momo Shina	14y 5m	
IMOK-011	IMOK		2012-02-25	Momo Shina	14y 5m	
IMOK-010	IMOK		2012-02-25	Momo Shina	14y 5m	
IMBD-071	IMBD		2012-03-10	Momo Shina	14y 6m	
IMOQ-010	IMOQ		2012-03-10	Momo Shina	14y 6m	
IMOF-110	IMOF		2012-05-25	Momo Shina	14y 8m	
IMBD-090	IMBD		2012-06-10	Momo Shina	14y 9m	
IMOU-007	IMOU		2012-06-10	Momo Shina	14y 9m	
IMOF-119	IMOF		2012-08-10	Momo Shina	14y 11m	
IMOG-266	IMOG		2013-01-25	Momo Shina	15y 4m	
IMOG-268	IMOG		2013-02-10	Momo Shina	15y 5m	
IMOF-133	IMOF		2013-02-25	Momo Shina	15y 5m	
IMBD-179	IMBD		2013-06-10	Momo Shina	15y 9m	
IMOG-274	IMOG		2013-06-10	Momo Shina	15y 9m	
IMBD-190	IMBD		2013-08-10	Momo Shina	15y 11m	
IMWL-017	IMWL		2013-08-10	Momo Shina	15y 11m	
IMOG-283	IMOG		2014-01-15	Momo Shina	16y 4m	
IMBD-229	IMBD		2014-01-15	Momo Shina	16y 4m	
ARH-003	ARH		2012-06-20	Momona Kirihara	16?	
AILE-006	AILE		2012-07-23	Momona Kirihara	16?	
AILE-008	AILE		2012-09-23	Momona Kirihara	16?	
ARS-001	ARS		2012-08-10	Momona Kirihara	16?	
ARHB-003	ARHB		2013-04-20	Momona Kirihara	17?	
HNL-004	HNL		N/A	Momona Kirihara	17?	
CAND-01017	CAND		2013-05-24	Nakano Sarii	17y 10m	
MWKD-5007	MWKD		2007-02-27	Namy Fujitani	17y 9m	
MOR-008	MOR	Monroe	2007-04-26	Namy Fujitani	17y 11m	Very Likely
JKS-002	JKS	Amumo	2007-05-25	Namy Fujitani	17y 12m	Likely
AHG-0010	AHG	Art House Gon	2007-07-24	Namy Fujitani	18y 2m	Unlikely
ICDV-30149	ICDV		2013-10-18	Nana Muramatu	09y 6m	
ICS-033	ICS		2013-11-15	Nana Muramatu	09y 7m	
ICDV-30171	ICDV		2014-02-01	Nana Muramatu	09y 10m	
ICS-045	ICS		2014-03-01	Nana Muramatu	09y 11m	
ICDV-30187	ICDV		2014-04-18	Nana Muramatu	09y 12m	
ICS-052	ICS		2014-05-16	Nana Muramatu	10y 1m	
ICDV-30196	ICDV		2014-06-13	Nana Muramatu	10y 2m	
ICS-057	ICS		2014-07-18	Nana Muramatu	10y 3m	
TASKJ-155	TASKJ		2014-08-20	Nana Muramatu	10y 4m	
WAFL-033	WAFL		2014-10-23	Nana Muramatu	10y 7m	
PCOT-004	PCOT		2011-11-30	Nana Tanaka	15y 4m	
SBKD-0052	SBKD		2012-04-27	Nana Tanaka	15y 9m	
MMR-205	MMR		2012-10-26	Nana Tanaka	16y 3m	
TSDV-41503	TSDV		2013-02-22	Nana Tanaka	16y 6m	
MMR-260	MMR		2013-05-31	Nana Tanaka	16y 10m	
LCDV-40611	LCDV		2013-11-20	Nana Tanaka	17y 3m	
LCBD-00611	LCBD		2013-11-20	Nana Tanaka	17y 3m	
SVBD-006	SVBD		2013-08-30	Nana Tanaka	17y 1m	
MMR-295	MMR		2013-08-30	Nana Tanaka	17y 1m	
MMR-360	MMR		2014-02-28	Nana Tanaka	17y 7m	
MMR-384	MMR		2014-05-30	Nana Tanaka	17y 10m	
MMR-420	MMR		2014-07-25	Nana Tanaka	17y 11m	Very Likely
MMR-421	MMR		2014-09-26	Nana Tanaka	18y 2m	Unlikely
MMR-AZ006	MMR		2015-01-30	Natsu Inaba	15y 8m	
SBKD-0117	SBKD		2015-03-27	Natsu Inaba	15y 10m	
MMR-AL008	MMR		2015-06-26	Natsu Inaba	16y 1m	
PCHI-002	PCHI		2015-08-28	Natsu Inaba	16y 3m	
ENCO-046	ENCO		2015-11-20	Natsu Inaba	16y 6m	
SBKD-0137	SBKD		2016-02-27	Natsu Inaba	16y 9m	
MMR-AL018	MMR		2016-05-27	Natsu Inaba	16y 12m	
DW-001	DW		2007-09-28	Natsuki		
DW-002	DW		2007-09-28	Natsuki		
DW-013	DW		2008-05-23	Natsuki		
ZZZZ-001	ZZZZ		2008-08-06	Natsuki		
ZZZZ-002	ZZZZ		2008-08-06	Natsuki		
ZZZZ-006	ZZZZ		2008-10-24	Natsuki		
KIDM-098	KIDM		2008-11-14	Natsuki		
KIDM-108	KIDM		2009-01-16	Natsuki		
KIDM-120	KIDM		2009-03-27	Natsuki		
GOD-035	GOD		2009-11-13	Natsuki		
GOD-045	GOD		2010-02-19	Natsuki		
GOD-055	GOD		2010-06-18	Natsuki		
GOD-061	GOD		2010-08-06	Natsuki		
GOD-069	GOD		2010-10-01	Natsuki		
GOD-077	GOD		2010-12-03	Natsuki		
KIDM-231	KIDM		2011-03-11	Natsuki		
KIDM-245	KIDM		2011-06-10	Natsuki		
KIDM-307	KIDM		2012-07-27	Natsuki		
KIDM-331	KIDM		2012-12-28	Natsuki		
KIDM-342	KIDM		2013-02-22	Natsuki		
KIDM-352	KIDM		2013-04-12	Natsuki		
KIDM-363	KIDM		2013-06-21	Natsuki		
JSSJ-064	JSSJ		2013-03-22	Natsumi Fujimoto	17y 3m	
LINE-029	LINE		2013-05-23	Natsumi Fujimoto	17y 5m	
MMR-279	MMR		2013-07-26	Natsumi Fujimoto	17y 7m	
SPG-24	SPG		2013-11-30	Natsumi Fujimoto	17y 11m	Very Likely
KIDM-419	KIDM		2014-01-17	Natsumi Fujimoto	17y 12m	Likely
KIDM-434	KIDM		2014-03-07	Natsumi Fujimoto	18y 2m	Unlikely
AILE-007	AILE		2012-08-23	Natsumi Kayama	16?	
ARH-004	ARH		2012-06-27	Natsumi Kayama	16?	
ARS-001	ARS		2012-08-10	Natsumi Kayama	16?	
RITZ-006	RITZ		2014-04-23	Niimi Nanae	13y 6m	
RITZ-009	RITZ		2014-06-23	Niimi Nanae	13y 8m	
JELLY-004	JELLY		2014-08-23	Niimi Nanae	13y 10m	
JELLY-006	JELLY		2014-10-23	Niimi Nanae	13y 12m	
MMRAL-004	MMRAL		2014-12-26	Niimi Nanae	14y 2m	
RITZB-003	RITZB		2015-01-13	Niimi Nanae	14y 3m	
ICDV-30216	ICDV		2015-02-26	Niimi Nanae	14y 4m	
ICS-062	ICS		2015-03-06	Niimi Nanae	14y 4m	
ICDV-30219	ICDV		2015-04-03	Niimi Nanae	14y 5m	
TASKR-030	TASKR		2015-08-20	Niimi Nanae	14y 10m	
TASKS-035	TASKS		2015-08-20	Niimi Nanae	14y 10m	
TASKR-032	TASKR		2015-11-20	Niimi Nanae	15y 1m	
TASKS-041	TASKS		2015-11-20	Niimi Nanae	15y 1m	
OUTN-0030	OUTN		2016-01-16	Niimi Nanae	15y 3m	
TASKR-036	TASKR		2016-03-20	Niimi Nanae	15y 5m	
TASKS-047	TASKS		2016-03-20	Niimi Nanae	15y 5m	
OUTN-0038	OUTN		2016-05-16	Niimi Nanae	15y 7m	
SBKD-0144	SBKD		2016-08-27	Niimi Nanae	15y 10m	
TASKS-059	TASKS		2016-09-20	Niimi Nanae	15y 11m	
MMR-253	MMR		2013-04-19	Noa Mashima	16y 7m	
JSSJ-073	JSSJ		2013-06-21	Noa Mashima	16y 9m	
OMGZ-082	OMGZ		2013-08-23	Noa Mashima	16y 11m	
OHDO-007	OHDO		2013-12-23	Noa Mashima	17y 3m	
EICSB-007	EICSB		2011-10-25	Noa Naraoka	11y 12m	
EICCB-018	EICCB		2012-04-25	Noa Naraoka	12y 6m	
MMR-191	MMR		2012-07-27	Noa Naraoka	12y 9m	
EICOK-002	EICOK		2012-12-15	Noa Naraoka	13y 2m	
EICCB-025	EICCB		2013-01-25	Noa Naraoka	13y 3m	
WAFL-009	WAFL		2013-03-23	Noa Naraoka	13y 5m	
JSSJ-091	JSSJ		2013-12-13	Noa Naraoka	14y 2m	
MMR-355	MMR		2014-02-28	Noa Naraoka	14y 4m	
TASKJ-149	TASKJ		2014-04-20	Noa Naraoka	14y 6m	
TASKR-024	TASKR		2014-04-20	Noa Naraoka	14y 6m	
JSSJ-107	JSSJ		2014-06-20	Noa Naraoka	14y 8m	
MMR-414	MMR		2014-08-29	Noa Naraoka	14y 10m	
JSSJ-129	JSSJ		2014-12-19	Noa Naraoka	15y 2m	
GOD-001	GOD		2008-11-07	Noeru Natsumi		
GOD-005	GOD		2008-12-19	Noeru Natsumi		
GOD-015	GOD		2009-03-19	Noeru Natsumi		
GOD-025	GOD		2009-07-24	Noeru Natsumi		
GOD-031	GOD		2009-09-18	Noeru Natsumi		
MMR-AK024	MMR		2015-09-25	Noriko Nishiyama	15y 2m	
MMR-AK028	MMR		2015-11-27	Noriko Nishiyama	15y 5m	
MMR-AK036	MMR		2016-01-29	Noriko Nishiyama	15y 7m	
MMR-AK042	MMR		2016-03-25	Noriko Nishiyama	15y 8m	
MMR-AK052	MMR		2016-06-24	Noriko Nishiyama	15y 11m	
MMR-AK061	MMR		2016-09-23	Noriko Nishiyama	16y 2m	
MMR-AK063	MMR		2016-10-28	Noriko Nishiyama	16y 4m	
KNGA-004	KNGA		2008-03-25	Nozomi Takada	12y 11m	
OHP-2016	OHP		2008-05-16	Nozomi Takada	13y 1m	
KIDM-075	KIDM		2008-07-25	Nozomi Takada	13y 3m	
KIDM-083	KIDM		2008-09-12	Nozomi Takada	13y 5m	
SOPD-5001	SOPD		2008-10-10	Nozomi Takada	13y 6m	
GOD-003	GOD		2008-12-19	Nozomi Takada	13y 8m	
GOD-010	GOD		2009-02-20	Nozomi Takada	13y 10m	
KIDM-137	KIDM		2009-08-14	Nozomi Takada	14y 4m	
KIDM-157	KIDM		2009-10-30	Nozomi Takada	14y 6m	
KIDM-163	KIDM		2009-12-11	Nozomi Takada	14y 8m	
KIDM-178	KIDM		2010-03-12	Nozomi Takada	14y 11m	
KIDM-211	KIDM		2010-10-08	Nozomi Takada	15y 6m	
KIDM-219	KIDM		2010-12-10	Nozomi Takada	15y 8m	
KIDM-227	KIDM		2011-02-11	Nozomi Takada	15y 10m	
KIDM-240	KIDM		2011-05-13	Nozomi Takada	16y 1m	
KIDM-258	KIDM		2011-08-26	Nozomi Takada	16y 4m	
KIDM-272	KIDM		2011-11-25	Nozomi Takada	16y 7m	
KIDM-283	KIDM		2012-02-09	Nozomi Takada	16y 10m	
KIDM-294	KIDM		2012-05-11	Nozomi Takada	17y 1m	
KIDM-308	KIDM		2012-08-10	Nozomi Takada	17y 4m	
GTRB-003	GTRB		2013-01-25	Nozomi Takada	17y 9m	
GTRB-004	GTRB		2013-02-28	Nozomi Takada	17y 10m	
BLR-003	BLR		2013-03-20	Nozomi Takada	17y 11m	Very Likely
JSSJ-082	JSSJ		2013-09-20	Okada Hina	14y 8m	
MMR-314	MMR		2013-11-22	Okada Hina	14y 10m	
JSSJ-094	JSSJ		2014-01-24	Okada Hina	14y 12m	
MMR-365	MMR		2014-03-28	Okada Hina	15y 2m	
GRAB-0032	GRAB		2015-04-28	Okada Hina	16y 3m	
MMR-249	MMR		2013-02-05	Oshima Juna	16y 11m	
PIST-037	PIST		2013-06-23	Oshima Juna	17y 3m	
JSSJ-080	JSSJ		2013-08-23	Oshima Juna	17y 5m	
JSSJ-087	JSSJ		2013-10-18	Oshima Juna	17y 7m	
BUQH-040	BUQH		2013-12-25	Oshima Juna	17y 9m	
TSDV-41611	TSDV		2014-02-21	Oshima Juna	17y 11m	Very Likely
HTC-010	HTC		2014-06-20	Reina Kawai	13y 10m	
HTC-011	HTC		2014-07-18	Reina Kawai	13y 11m	
HTC-012	HTC		2014-09-19	Reina Kawai	14y 1m	
MMR-AK007	MMR		2015-02-27	Reina Kawai	14y 7m	
MMR-AK014	MMR		2015-04-24	Reina Kawai	14y 9m	
TSDS-42069	TSDS		2015-05-22	Reina Kawai	14y 10m	
MMR-AK019	MMR		2015-07-31	Reina Kawai	14y 12m	
MMR-AK023	MMR		2015-09-25	Reina Kawai	15y 2m	
SBKD-0140	SBKD		2016-05-28	Reina Kawai	15y 10m	
MMR-AK056	MMR		2016-08-26	Reina Kawai	16y 1m	
CAND-01022	CAND		2013-07-19	Remon Kimura	17y 6m	
CAND-01025	CAND		2013-09-20	Remon Kimura	17y 8m	
CAND-01027	CAND		2013-11-22	Remon Kimura	17y 10m	
CANDB-1001	CANDB		2014-02-21	Remon Kimura	18y 1m	Possibly
CAND-01032	CAND		2014-02-21	Remon Kimura	18y 1m	Possibly
KNGK-002	KNGK		2008-04-25	Rena Aiba		
GOD-006	GOD		2009-01-19	Rena Aiba		
GOD-013	GOD		2009-03-06	Rena Aiba		
SOPD-5001	SOPD		2009-04-17	Rena Aiba		
GOD-040	GOD		2009-12-18	Rena Aiba		
PEAC-028	PEAC		2013-11-23	Rena Fujitani	17y 10m	
TASKJ-114	TASKJ		2012-02-20	Renna Minami	13y 3m	
ICDV-30077	ICDV		2012-04-13	Renna Minami	13y 4m	
ICS-009	ICS		2012-05-18	Renna Minami	13y 6m	
SBKD-0058	SBKD		2012-08-30	Renna Minami	13y 9m	
ICDV-30112	ICDV		2012-12-14	Renna Minami	13y 12m	
ICDV-30122	ICDV		2013-03-01	Renna Minami	14y 3m	
ICDV-30131	ICDV		2013-05-02	Renna Minami	14y 5m	
ICDV-30137	ICDV		2013-07-05	Renna Minami	14y 7m	
ICDV-30142	ICDV		2013-09-06	Renna Minami	14y 9m	
ICDV-30150	ICDV		2013-11-01	Renna Minami	14y 11m	
ICDV-30162	ICDV		2014-01-10	Renna Minami	15y 1m	
MIU-021	MIU		2014-05-23	Renna Minami	15y 6m	
PIXY-032	PIXY		2014-07-23	Renna Minami	15y 8m	
JSSJ-079	JSSJ		2013-08-23	Renon Oomori	14y 4m	
MMR-307	MMR		2013-10-25	Renon Oomori	14y 6m	
MBR-057	MBR		2008-08-22	Riho Hasegawa	17y 4m	
SCDV-10141	SCDV		2006-02-17	Riho Kisinami	13y 8m	
KODV-0013	KODV		2006-03-24	Riho Kisinami	13y 10m	
RFD-1068	RFD		2006-05-26	Riho Kisinami	13y 12m	
AHG-0008	AHG		2006-07-24	Riho Kisinami	14y 1m	
TSDV-41084	TSDV		2006-10-20	Riho Kisinami	14y 4m	
KODV-0025	KODV		2006-12-22	Riho Kisinami	14y 7m	
SCDV-22006	SCDV		2007-01-12	Riho Kisinami	14y 7m	
DGL-001	DGL		2007-02-23	Riho Kisinami	14y 9m	
OQT-100	OQT		2007-04-25	Riho Kisinami	14y 11m	
lovedol-003	lovedol		2007-08-25	Riho Kisinami	15y 3m	
lovedol-006	lovedol		2008-08-13	Riho Kisinami	16y 2m	
lovedol-010	lovedol		2008-11-30	Riho Kisinami	16y 6m	
GOD-007	GOD		2009-02-20	Riho Niina		
GOD-043	GOD		2010-01-22	Riho Niina		
LINE-006	LINE		2009-01-10	Rika Hatsumi	17y 5m	
OHP-057	OHP		2009-03-20	Rika Hatsumi	17y 8m	
OHP-3014	OHP		2009-05-15	Rika Hatsumi	17y 9m	
OHP-062	OHP		2009-06-19	Rika Hatsumi	17y 11m	Very Likely
JSSJ-002	JSSJ		2009-07-24	Rika Hatsumi	17y 12m	Likely
CAND-01011	CAND		2013-01-25	Riko Inoue	17y 9m	
CAND-01014	CAND		2013-03-22	Riko Inoue	17y 11m	Very Likely
CAND-01018	CAND		2013-05-24	Riko Inoue	18y 1m	Possibly
KIDM-024	KIDM		2007-07-06	Rin Mizuki	11y 8m	
KIDM-027	KIDM		2007-09-07	Rin Mizuki	11y 10m	
KIDM-034	KIDM		2007-11-02	Rin Mizuki	11y 12m	
KIDM-040	KIDM		2008-01-25	Rin Mizuki	12y 3m	
KIDM-052	KIDM		2008-04-25	Rin Mizuki	12y 6m	
KIDM-068	KIDM		2008-06-27	Rin Mizuki	12y 8m	
KIDM-076	KIDM		2008-08-08	Rin Mizuki	12y 9m	
KIDM-090	KIDM		2008-10-10	Rin Mizuki	12y 11m	
GOD-004	GOD		2008-12-19	Rin Mizuki	13y 2m	
GOD-011	GOD		2009-04-24	Rin Mizuki	13y 6m	
GOD-042	GOD		2010-01-22	Rin Mizuki	14y 3m	
GOD-083	GOD		2011-01-21	Rin Mizuki	15y 3m	
GOD-091	GOD		2011-03-11	Rin Mizuki	15y 5m	
TSDV-11991	TSDV		2005-07-22	Rina Hasegawa	16y 3m	
OMD-069	OMD		2006-01-20	Rina Hasegawa	16y 9m	
PEACH-008D	PEACH		2006-03-22	Rina Hasegawa	16y 11m	
EIGHT-035D	EIGHT		2006-04-22	Rina Hasegawa	16y 12m	
EIGHT-045D	EIGHT		2006-08-26	Rina Hasegawa	17y 4m	
EIGHT-048D	EIGHT		2006-09-22	Rina Hasegawa	17y 5m	
EIGHT-050D	EIGHT		2006-10-28	Rina Hasegawa	17y 6m	
EIGHT-056D	EIGHT		2006-12-24	Rina Hasegawa	17y 8m	
PEACH-015D	PEACH		2007-02-24	Rina Hasegawa	17y 10m	
BEV-7365	BEV		2007-03-26	Rina Hasegawa	17y 11m	Very Likely
OMGZ-078	OMGZ		2013-06-23	Rina Ishida	17y 9m	
JSSJ-081	JSSJ		2013-08-23	Rina Ishida	17y 11m	Very Likely
MMR-366	MMR		2014-03-28	Rina Koharu	17y 7m	
JSSJ-106	JSSJ		2014-05-23	Rina Koharu	17y 9m	
JKSS-006	JKSS		2014-07-23	Rina Koharu	17y 11m	Very Likely
CLAR-1005	CLAR		2014-05-02	Rio Usami	17y 2m	
CLAR-1006	CLAR		2014-07-31	Rio Usami	17y 5m	
CLAR-1008	CLAR		2014-10-31	Rio Usami	17y 8m	
CLAR-1009	CLAR		2014-12-19	Rio Usami	17y 10m	
CLAR-1011	CLAR		2015-04-24	Rio Usami	18y 2m	Unlikely
ICDV-30086	ICDV		2012-06-15	Riona Isaka	09y 6m	
ICDV-30096	ICDV		2012-09-01	Riona Isaka	09y 9m	
TASKJ-128	TASKJ		2012-11-20	Riona Isaka	09y 12m	
E-003	E		2015-03-23	Rui Sakurazawa	15y 9m	
E-004	E		2015-03-23	Rui Sakurazawa	15y 9m	
OLI-001	OLI		2015-04-23	Rui Sakurazawa	15y 10m	
E-006	E		2015-05-23	Rui Sakurazawa	15y 11m	
OLI-003	OLI		2015-06-23	Rui Sakurazawa	15y 12m	
E-009	E		2015-07-23	Rui Sakurazawa	16y 1m	
OLI-004	OLI		2015-08-23	Rui Sakurazawa	16y 2m	
OLI-005	OLI		2015-12-23	Rui Sakurazawa	16y 6m	
OLI-006	OLI		2016-01-23	Rui Sakurazawa	16y 7m	
OLI-007	OLI		2016-02-23	Rui Sakurazawa	16y 8m	
OLI-008	OLI		2016-03-23	Rui Sakurazawa	16y 9m	
OLI-009	OLI		2016-04-23	Rui Sakurazawa	16y 10m	
OLI-010	OLI		2016-05-23	Rui Sakurazawa	16y 11m	
OLI-011	OLI		2016-05-23	Rui Sakurazawa	16y 11m	
OLI-012	OLI		2016-06-23	Rui Sakurazawa	16y 12m	
OLI-013	OLI		2016-06-23	Rui Sakurazawa	16y 12m	
OLI-014	OLI		2016-07-23	Rui Sakurazawa	17y 1m	
OLI-015	OLI		2016-07-23	Rui Sakurazawa	17y 1m	
OLI-016	OLI		2016-08-23	Rui Sakurazawa	17y 2m	
OLI-017	OLI		2016-08-23	Rui Sakurazawa	17y 2m	
OLI-018	OLI		2016-09-23	Rui Sakurazawa	17y 3m	
OLI-019	OLI		2016-09-23	Rui Sakurazawa	17y 3m	
OLI-020	OLI		2016-10-23	Rui Sakurazawa	17y 4m	
OLI-021	OLI		2016-11-23	Rui Sakurazawa	17y 5m	
OLI-022	OLI		2016-12-23	Rui Sakurazawa	17y 6m	
OLO-005	OLO		2017-01-28	Rui Sakurazawa	17y 7m	
PIST-007	PIST		2011-08-23	Ruka Kawai	17y 9m	
OMGZ-047	OMGZ		2011-10-08	Ruka Kawai	17y 10m	
EICSB-012	EICSB		2013-01-25	Rumi Ishino	11y 12m	
TASKJ-134	TASKJ		2013-03-20	Rumi Ishino	12y 2m	
SBKD-0080	SBKD		2013-06-28	Rumi Ishino	12y 5m	
PIXY-020	PIXY		2013-08-28	Rumi Ishino	12y 7m	
ZEUS-008	ZEUS		2013-10-10	Rumi Ishino	12y 8m	
EICCB-033	EICCB		2014-01-25	Rumi Ishino	12y 12m	
SBKD-0097	SBKD		2014-04-28	Rumi Ishino	13y 3m	
JMKD-0023	JMKD		2014-06-27	Rumi Ishino	13y 5m	
TASKJ-154	TASKJ		2014-08-20	Rumi Ishino	13y 7m	
EICCB-045	EICCB		2015-01-25	Rumi Ishino	13y 12m	
TASKJ-161	TASKJ		2015-02-20	Rumi Ishino	14y 1m	
HPF-02	HPF		2015-06-19	Rumi Ishino	14y 5m	
HPF-05	HPF		2015-09-04	Rumi Ishino	14y 7m	
HPF-07	HPF		2016-01-22	Rumi Ishino	14y 12m	
HPF-08	HPF		2016-03-18	Rumi Ishino	15y 2m	
ZEUSMB-002	ZEUSMB		2016-05-10	Rumi Ishino	15y 3m	
TASKW-002	TASKW		2016-05-20	Rumi Ishino	15y 4m	
ZEUSFB-002	ZEUSFB		2016-09-01	Rumi Ishino	15y 7m	
ICDV-30138	ICDV		2013-07-19	Runa Sakurai	15y 3m	
ICDV-30143	ICDV		2013-09-20	Runa Sakurai	15y 5m	
ICDV-30151	ICDV		2013-11-01	Runa Sakurai	15y 6m	
JMRD-0046	JMRD		2013-12-27	Runa Sakurai	15y 8m	
ICDV-30164	ICDV		2014-01-10	Runa Sakurai	15y 9m	
ICDV-30176	ICDV		2014-03-01	Runa Sakurai	15y 10m	
ICDV-30188	ICDV		2014-05-02	Runa Sakurai	15y 12m	
ICDV-30197	ICDV		2014-07-04	Runa Sakurai	16y 2m	
ICDV-30205	ICDV		2014-09-05	Runa Sakurai	16y 4m	
ICDV-30212	ICDV		2014-11-01	Runa Sakurai	16y 6m	
CRLS-008	CRLS		2011-12-02	Ruri Aikawa	16y 4m	
JSSJ-116	JSSJ		2014-08-22	Ruri Morino	17y 1m	
JSSJ-120	JSSJ		2014-10-17	Ruri Morino	17y 3m	
MMR-AA011	MMR		2015-03-27	Ruri Morino	17y 9m	
GARO-019	GARO		2007-06/30	Sae Akasaka	14y 4m	
VEIS-001	VEIS		2007-08-10	Sae Akasaka	14y 5m	
GGGG-004	GGGG		2007-10-07	Sae Akasaka	14y 7m	
SHGAD-004	SHGAD		2007-10-27	Sae Akasaka	14y 8m	
SCDV-24011	SCDV		2007-11-30	Sae Akasaka	14y 9m	
ICDV-30008	ICDV		2008-03-28	Sae Akasaka	15y 1m	
DPKS-033	DPKS		2008-05-24	Sae Akasaka	15y 3m	
OHP-2018	OHP		2008-07-18	Sae Akasaka	15y 4m	
GKSK-033	GKSK		2008-11-07	Sae Akasaka	15y 8m	
JSSJ-043	JSSJ		2012-06-22	Sae Kamiya	17y 11m	Very Likely
JSSJ-046	JSSJ		2012-08-17	Sae Kamiya	18y 1m	Possibly
MMR-202	MMR		2012-10-26	Sae Kamiya	18y 3m	No
WBD-008	WBD		2005-04-24	Saeka Kouno	10y 3m	
BETTY-1021	BETTY		2006-12-18	Saeka Kouno	11y 10m	
BETTY-1023	BETTY		2007-01-18	Saeka Kouno	11y 11m	
LSS-1007	LSS		2008-01-12	Saeka Kouno	12y 11m	
KNGN-004	KNGN		2008-07-25	Saeka Kouno	13y 6m	
KNGN-008	KNGN		2008-09-25	Saeka Kouno	13y 8m	
SKIP-047	SKIP		2008-09-25	Saeka Kouno	13y 8m	
MLT-001	MLT		2009-01-01	Saeka Kouno	13y 11m	
SWS-001	SWS		2009-01-01	Saeka Kouno	13y 11m	
OHP-027	OHP		2007-08-17	Saku Uena	15y 9m	
MOR-016	MOR		2007-12-20	Saku Uena	16y 1m	
TASKH-018	TASKH		2008-02-20	Saku Uena	16y 3m	
VDOB-0005	VDOB		2008-03-25	Saku Uena	16y 5m	
OHP-3008	OHP		2008-04-18	Saku Uena	16y 5m	
NOAH-047	NOAH		2008-06-27	Saku Uena	16y 8m	
COJD-016	COJD		2008-07-29	Saku Uena	16y 9m	
LINE-002	LINE		2008-10-12	Saku Uena	16y 11m	
SOPD-9034	SOPD		2007-06-22	Sakura Aida	16y 1m	
KU-001	KU		2007-11-16	Sakura Aida	16y 5m	
KU-003	KU		2008-01-18	Sakura Aida	16y 8m	
DMSM-7451	DMSM		2008-03-25	Sakura Aida	16y 10m	
OHP-3008	OHP		2008-04-18	Sakura Aida	16y 11m	
KU-007	KU		2008-05-23	Sakura Aida	16y 12m	
OHP-3009	OHP		2008-07-18	Sakura Aida	17y 1m	
GKSK-028	GKSK		2008-09-04	Sakura Aida	17y 3m	
OHP-045	OHP		2008-09-19	Sakura Aida	17y 4m	
MOR-033	MOR		2008-11-17	Sakura Aida	17y 6m	
MOR-037	MOR		2009-01-17	Sakura Aida	17y 8m	
DAND-008	DAND		2009-03-06	Sakura Aida	17y 9m	
MOR-041	MOR		2009-03-17	Sakura Aida	17y 9m	
WSH-01	WSH		2009-04-17	Sakura Aida	17y 10m	
MOR-044	MOR		2009-05-17	Sakura Aida	17y 11m	Very Likely
MOR-045	MOR		2009-05-29	Sakura Aida	17y 12m	Likely
RITZ-003	RITZ		2014-03-13	Sakura Anna	14y 1m	
RITZ-007	RITZ		2014-05-13	Sakura Anna	14y 3m	
RITZ-010	RITZ		2014-07-13	Sakura Anna	14y 5m	
AILE-035	AILE		2014-10-23	Sakura Anna	14y 8m	
AILE-038	AILE		2015-02-13	Sakura Anna	14y 12m	
DJKA-016	DJKA		2012-07-01	Sakura Koharu	14y 8m	
JSSJ-045	JSSJ		2012-08-17	Sakura Koharu	14y 10m	
MMR-203	MMR		2012-10-26	Sakura Koharu	14y 12m	
MMR-350	MMR		2014-01-31	Sakura Kudo	17y 4m	
JSSJ-100	JSSJ		2014-03-21	Sakura Kudo	17y 6m	
MMR-391	MMR		2014-05-30	Sakura Kudo	17y 8m	
PIST-050	PIST		2014-07-23	Sakura Kudo	17y 10m	
SNYY-007	SNYY		2014-09-28	Sakura Kudo	17y 12m	Likely
TASKS-030	TASKS		2015-05-20	Sakura Kudo	18y 8m	No
TSDV-41446	TSDV		2012-06-22	Sakura Nina	19y 11m	No
GUILD-018	GUILD		2012-10-24	Sakura Nina	20y 3m	No
ENFD-5439	ENFD		2013-02-21	Sakura Nina	20y 7m	No
SBVD-0199	SBVD		2013-09-27	Sakura Nina	21y 3m	No
SBVB-0015	SBVB		2013-09-27	Sakura Nina	21y 3m	No
JSSJ-028	JSSJ		2011-07-15	Sakura Tsubaki	17y 6m	
OMGZ-044	OMGZ		2011-09-10	Sakura Tsubaki	17y 8m	
SKB-2	SKB		2005-08-19	Sakurako Ogawa	13y 10m	
BETTY-1015	BETTY		2005-11-18	Sakurako Ogawa	14y 1m	
Noah-13	Noah		2006-04-21	Sakurako Ogawa	14y 6m	
SCDV-15003	SCDV		2006-04-28	Sakurako Ogawa	14y 7m	
KODV-0017	KODV		2006-07-28	Sakurako Ogawa	14y 10m	
SOPD-3822	SOPD		2006-11-17	Sakurako Ogawa	15y 1m	
CPDS-002	CPDS		2006-11-17	Sakurako Ogawa	15y 1m	
CPDS-004	CPDS		2006-12-08	Sakurako Ogawa	15y 2m	
OHP-2004	OHP		2007-03-16	Sakurako Ogawa	15y 5m	
MMR-AK008	MMR		2015-03-27	Sasaki Mako	15y 2m	
MMR-AK014	MMR		2015-04-24	Sasaki Mako	15y 3m	
TSBS-81020	TSBS		2015-06-19	Sasaki Mako	15y 5m	
TSDS-42076	TSDS		2015-06-19	Sasaki Mako	15y 5m	
SBKD-0127	SBKD		2015-08-28	Sasaki Mako	15y 7m	
MMR-AK025	MMR		2015-10-30	Sasaki Mako	15y 9m	
MMR-AK028	MMR		2015-11-27	Sasaki Mako	15y 10m	
MMR-AK035	MMR		2016-01-29	Sasaki Mako	15y 12m	
MMR-AK042	MMR		2016-03-25	Sasaki Mako	16y 2m	
MMR-AK044	MMR		2016-04-29	Sasaki Mako	16y 3m	
MMR-AK049	MMR		2016-06-24	Sasaki Mako	16y 5m	
MMR-AK053	MMR		2016-07-29	Sasaki Mako	16y 6m	
MMR-AK057	MMR		2016-08-26	Sasaki Mako	16y 7m	
MMR-AK063	MMR		2016-10-28	Sasaki Mako	16y 9m	
MMR-AK066	MMR		2016-11-25	Sasaki Mako	16y 10m	
MOR-002	MOR		2007-01-24	Sayaka Kamiya	17y 8m	
OHP-021	OHP		2007-05-18	Sayaka Kamiya	17y 11m	Very Likely
OHP-3003	OHP		2007-07-20	Sayaka Kamiya	18y 1m	Possibly
MMR-425	MMR		2014-09-26	Sayaka Miki	17y 5m	
JSSJ-125	JSSJ		2014-11-21	Sayaka Miki	17y 7m	
JSSJ-132	JSSJ		2015-01-23	Sayaka Miki	17y 9m	
JKSS-013	JKSS		2015-03-23	Sayaka Miki	17y 11m	Very Likely
HISF-002	HISF		2009-12-29	Sayaka Mizutani	17y 5m	
MMP-006	MMP		2010-05-31	Sayaka Mizutani	17y 10m	
JSSJ-019	JSSJ		2010-08-20	Sayaka Mizutani	18y 1m	Possibly
WAFL-008	WAFL		2013-02-23	Seino Shiroyama	12y 4m	
WAFL-011	WAFL		2013-04-23	Seino Shiroyama	12y 6m	
SULA-01001	SULA		2013-06-25	Seino Shiroyama	12y 8m	
SULA-01002	SULA		2013-06-25	Seino Shiroyama	12y 8m	
SULA-01004	SULA		2013-08-16	Seino Shiroyama	12y 10m	
WAFL-019	WAFL		2013-10-23	Seino Shiroyama	12y 12m	
SBKD-0090	SBKD		2013-12-26	Seino Shiroyama	13y 2m	
LOSM-003	LOSM		2016-01-23	Seino Shiroyama	15y 3m	
LOSMB-002	LOSMB		2016-01-23	Seino Shiroyama	15y 3m	
TOBI-001	TOBI		2016-03-30	Seino Shiroyama	15y 5m	
ZEUSO-002	ZEUSO		2016-07-10	Seino Shiroyama	15y 9m	
ZEUSOB-002	ZEUSOB		2016-07-10	Seino Shiroyama	15y 9m	
CLAR-1002	CLAR		2013-10-18	Seira Kikuchi	15y 9m	
CLAR-1010	CLAR		2015-02-06	Seira Kikuchi	16y 12m	
JSSJ-059	JSSJ		2013-01-25	Sena Hiiragi	14y 12m	
GJJJ-001	GJJJ		2013-04-05	Sena Hiiragi	15y 2m	
JSSJ-111	JSSJ		2014-07-18	Shurika Tachibana	17y 3m	
ICDV-30090	ICDV		2012-08-01	Sora Mizuno		
ICDV-30104	ICDV		2012-10-12	Sora Mizuno		
ICDV-30109	ICDV		2012-12-01	Sora Mizuno		
ICDV-30118	ICDV		2013-02-01	Sora Mizuno		
ICDV-30127	ICDV		2013-04-12	Sora Mizuno		
ICDV-30134	ICDV		2013-06-01	Sora Mizuno		
SBKD-0083	SBKD		2013-07-26	Sora Mizuno		
ICDV-30141	ICDV		2013-08-23	Sora Mizuno		
SBKD-0086	SBKD		2013-09-27	Sora Mizuno		
ICDV-30147	ICDV		2013-10-18	Sora Mizuno		
SBKB-0009	SBKB		2013-11-28	Sora Mizuno		
ICDV-30159	ICDV		2013-12-20	Sora Mizuno		
ICDV-30169	ICDV		2014-02-01	Sora Mizuno		
ICDV-30183	ICDV		2014-04-04	Sora Mizuno		
ICDV-30194	ICDV		2014-06-01	Sora Mizuno		
ICDV-30202	ICDV		2014-08-01	Sora Mizuno		
SBKD-0122	SBKD		2015-06-27	Sora Mizuno		
JMKD-0039	JMKD		2015-09-29	Sora Mizuno		
SBKB-0122	SBKB		2015-06-27	Sora Mizuno		
IMOM-093	IMOM		2009-10-25	Sugaya Miho	15y 1m	
JSSJ-013	JSSJ		2009-12-25	Sugaya Miho	15y 3m	
OHP-2023	OHP		2010-02-19	Sugaya Miho	15y 5m	
OHP-065	OHP		2010-05-21	Sugaya Miho	15y 8m	
JMDV-156	JMDV		2010-06-18	Sugaya Miho	15y 9m	
CUM-001	CUM		2010-08-27	Sugaya Miho	15y 11m	
IFJ-006	IFJ		2010-08-27	Sugaya Miho	15y 11m	
JMDV-162	JMDV		2010-10-29	Sugaya Miho	16y 1m	
CUM-005	CUM		2011-02-26	Sugaya Miho	16y 5m	
OHP-068	OHP		2011-05-27	Sugaya Miho	16y 8m	
SBVD-0123	SBVD		2011-08-26	Sugaya Miho	16y 11m	
SOPD-6017	SOPD		2012-05-18	Sugaya Miho	17y 8m	
PEAC-021	PEAC		2013-10-23	Sumire Sadohara	15y 11m	
PEAC-026	PEAC		2013-11-23	Sumire Sadohara	15y 12m	
SOPD-016	SOPD		2004-12-17	Suzuki Emika	14y 4m	
SOPD-3802	SOPD		2005-05-20	Suzuki Emika	14y 9m	
SOPD-3805	SOPD		2005-09-16	Suzuki Emika	15y 1m	
NOA-020	NOA		2005-09-22	Suzuki Emika	15y 1m	
GAPR-002	GAPR		2005-12-09	Suzuki Emika	15y 3m	
CLR-4030	CLR		2006-03-17	Suzuki Emika	15y 7m	
CCWK-007	CCWK		2006-06-21	Suzuki Emika	15y 10m	
ILD-002	ILD		2006-09-29	Suzuki Emika	16y 1m	
SOPD-9025	SOPD		2006-10-20	Suzuki Emika	16y 2m	
JSSJ-103	JSSJ		2014-04-18	Suzuki Meka	17y 5m	
GKSK-005	GKSK		2007-08-04	Temari Kusanagi	17y 11m	Very Likely
SCDV-19015	SCDV		2007-05-18	Temari Kusanagi	17y 8m	
GGGG-004	GGGG		2007-10-07	Yua Ryouke	15y 1m	
TASKJ-024	TASKJ		2007-10-20	Yua Ryouke	15y 2m	
GGGG-005	GGGG		2007-11-07	Yua Ryouke	15y 2m	
SHGAD-008	SHGAD		2007-12-18	Yua Ryouke	15y 4m	
MSR-05	MSR		2008-02-22	Yua Ryouke	15y 6m	
SHGAR-001	SHGAR		2008-03-26	Yua Ryouke	15y 7m	
BKNI-002	BKNI		2008-03-28	Yua Ryouke	15y 7m	
BKNI-006	BKNI		2008-04-28	Yua Ryouke	15y 8m	
Gmook-005	Gmook		2008-07-25	Yua Ryouke	15y 11m	
COJD-014	COJD		2008-07-29	Yua Ryouke	15y 11m	
JSSJ-069	JSSJ		2013-05-24	Yui Ando	16y 6m	
MMR-271	MMR		2013-05-24	Yui Ando	16y 6m	
FEIR-0084	FEIR		2013-09-20	Yui Ando	16y 10m	
SCDV-24006	SCDV		2007-07-13	Yui Arioka	14y 6m	
OHP-3005	OHP		2007-09-28	Yui Arioka	14y 9m	
SCDV-24009	SCDV		2007-10-12	Yui Arioka	14y 9m	
KIDM-047	KIDM		2008-02-29	Yui Arioka	15y 2m	
PEACH-024D	PEACH		2008-03-20	Yui Arioka	15y 3m	
MOR-023	MOR		2008-05-16	Yui Arioka	15y 5m	
EIGHT-104D	EIGHT		2008-06-22	Yui Arioka	15y 6m	
CMG-009	CMG		2008-08-11	Yui Arioka	15y 7m	
CMG-014	CMG		2008-11-10	Yui Arioka	15y 10m	
CMG-023	CMG		2009-03-10	Yui Arioka	16y 2m	
CMP-001	CMP		2009-08-10	Yui Arioka	16y 7m	
CMP-009	CMP		2009-10-10	Yui Arioka	16y 9m	
BKDV-00185	BKDV		2006-06-23	Yui Koike	15y 1m	
BKDV-00206	BKDV		2006-09-29	Yui Koike	15y 4m	
LPFD-157	LPFD		2008-12-19	Yui Koike	17y 7m	
EIGHT-027D	EIGHT		2007-06-24	Yukari Fujima	16y 10m	
KIDM-022	KIDM		2007-07-06	Yukari Fujima	16y 10m	
PEACH-018D	PEACH		2007-07-28	Yukari Fujima	16y 11m	
AHG-0012	AHG		2007-08-24	Yukari Fujima	16y 12m	
BBOB-0002	BBOB		2007-09-25	Yukari Fujima	17y 1m	
GS-008	GS		2007-09-27	Yukari Fujima	17y 1m	
TWFK-002	TWFK		2007-10-10	Yukari Fujima	17y 2m	
OHP-3006	OHP		2007-10-19	Yukari Fujima	17y 2m	
KBOOT-16	KBOOT		2007-10-24	Yukari Fujima	17y 2m	
PAND-004	PAND		2007-10-27	Yukari Fujima	17y 2m	
NOAH-037	NOAH		2007-11-23	Yukari Fujima	17y 3m	
DMSM-7353	DMSM		2007-11-25	Yukari Fujima	17y 3m	
FUJI-002	FUJI		2008-01-25	Yukari Fujima	17y 5m	
KIDM-053	KIDM		2008-03-28	Yukari Fujima	17y 7m	
KIDM-065	KIDM		2008-06-13	Yukari Fujima	17y 10m	
PEACH-028d	PEACH		2008-07-26	Yukari Fujima	17y 11m	Very Likely
FPO-0004	FPO		2008-08-29	Yukari Fujima	17y 12m	Likely
VDOB-0019	VDOB		2008-09-25	Yukari Fujima	18y 1m	Possibly
CHNS-013	CHNS		2008-10-09	Yukari Fujima	18y 2m	Unlikely
BBOB-1000	BBOB		2008-11-27	Yukari Fujima	18y 3m	No
KIDM-101	KIDM		2008-11-28	Yukari Fujima	18y 3m	No
HIEN-0024	HIEN		2008-12-16	Yukari Fujima	18y 4m	No
MOR-9009	MOR		2008-12-16	Yukari Fujima	18y 4m	No
BTBY-0010	BTBY		2009-01-29	Yukari Fujima	18y 5m	No
RLD-1	RLD		2009-02-21	Yukari Fujima	18y 6m	No
BBOB-1001	BBOB		2009-02-25	Yukari Fujima	18y 6m	No
MFT-1006	MFT		2009-06-12	Yukari Fujima	18y 10m	No
FHSM-001	FHSM		2009-06-16	Yukari Fujima	18y 10m	No
KIDM-087	KIDM		2009-09-26	Yukari Fujima	19y 1m	No
OHP-2005	OHP		2007-03-16	Yukari Nakai	14y 7m	
SCDV-24004	SCDV		2007-06-15	Yukari Nakai	14y 10m	
CPSKY-037	CPSKY		2007-09-21	Yukari Nakai	15y 1m	
OHP-3005	OHP		2007-09-28	Yukari Nakai	15y 1m	
SCDV-24014	SCDV		2007-12-07	Yukari Nakai	15y 4m	
KU-003	KU		2008-01-18	Yukari Nakai	15y 5m	
ICDV-30006	ICDV		2008-03-07	Yukari Nakai	15y 7m	
OHP-040	OHP		2008-06-20	Yukari Nakai	15y 10m	
KU-009	KU		2008-07-25	Yukari Nakai	15y 11m	
OHP-3010	OHP		2008-08-15	Yukari Nakai	15y 12m	
KU-011	KU		2008-09-26	Yukari Nakai	16y 1m	
SOPD-9047	SOPD		2008-12-19	Yukari Nakai	16y 4m	
KU-016	KU		2009-02-27	Yukari Nakai	16y 6m	
SOPD-6011	SOPD		2009-03-20	Yukari Nakai	16y 7m	
KU-019	KU		2009-03-27	Yukari Nakai	16y 7m	
KU-023	KU		2009-05-22	Yukari Nakai	16y 9m	
SOPD-9050	SOPD		2009-06-19	Yukari Nakai	16y 10m	
OHP-3015	OHP		2009-08-21	Yukari Nakai	16y 12m	
KU-030	KU		2009-09-25	Yukari Nakai	17y 1m	
SOPD-9056	SOPD		2009-11-20	Yukari Nakai	17y 3m	
SOPD-8012	SOPD		2009-12-18	Yukari Nakai	17y 4m	
KU-048	KU		2010-04-30	Yukari Nakai	17y 8m	
OHP-066	OHP		2010-06-18	Yukari Nakai	17y 10m	
JMDV-117	JMDV		2006-07-27	Yuki Fujisaki	16y 7m	
KBOOT-04	KBOOT		2006-08-26	Yuki Fujisaki	16y 8m	
KBDQT-04	KBDQT		2006-08-26	Yuki Fujisaki	16y 8m	
MWKD-5004	MWKD		2006-09-27	Yuki Fujisaki	16y 9m	
SCDV-24001	SCDV		2006-11-02	Yuki Fujisaki	16y 10m	
SOPD-8009	SOPD		2006-12-22	Yuki Fujisaki	16y 12m	
ILD-012	ILD		2006-12-22	Yuki Fujisaki	16y 12m	
PEACH-014D	PEACH		2006-12-24	Yuki Fujisaki	16y 12m	
EIGHT-060D	EIGHT		2007-01-28	Yuki Fujisaki	17y 1m	
LOVEDOL-001	LOVEDOL		2007-02-21	Yuki Fujisaki	17y 2m	
PEACH-015D	PEACH		2007-02-24	Yuki Fujisaki	17y 2m	
EIGHT-064D	EIGHT		2007-03-18	Yuki Fujisaki	17y 3m	
OHP-3001	OHP		2007-05-18	Yuki Fujisaki	17y 5m	
DMSM-7237	DMSM		2007-07-25	Yuki Fujisaki	17y 7m	
PEACH-018D	PEACH		2007-07-28	Yuki Fujisaki	17y 7m	
DGL-003	DGL		2007-09-27	Yuki Fujisaki	17y 9m	
MOR-014	MOR		2007-10-15	Yuki Fujisaki	17y 10m	
TBX-011	TBX		2008-06-27	Yuki Fujisaki	18y 6m	No
FBRE-003	FBRE		2013-02-21	Yume Ayanami	17y 7m	
WANG-001	WANG		2013-07-23	Yume Ayanami	17y 12m	Likely
OHP-047	OHP		2008-10-17	Yumi Hamada	17y 2m	
GKSK-037	GKSK		2009-01-01	Yumi Hamada	17y 5m	
LINE-007	LINE		2009-02-14	Yumi Hamada	17y 6m	
RM-003	RM		2009-03-01	Yumi Hamada	17y 7m	
SOPD-7001	SOPD		2009-04-17	Yumi Hamada	17y 8m	
RM-006	RM		2009-06-26	Yumi Hamada	17y 10m	
RM-008	RM		2009-07-24	Yumi Hamada	17y 11m	Very Likely
JCOB-0001	JCOB		2007-06-05	Yuri Fujise	14y 4m	
BBOB-0001	BBOB		2007-07-25	Yuri Fujise	14y 5m	
EIGHT-073D	EIGHT		2007-07-28	Yuri Fujise	14y 5m	
PEACH-018D	PEACH		2007-07-28	Yuri Fujise	14y 5m	
AHG-0011	AHG		2007-08-24	Yuri Fujise	14y 6m	
EIGHT-081D	EIGHT		2007-09-22	Yuri Fujise	14y 7m	
PAND-003	PAND		2007-09-27	Yuri Fujise	14y 7m	
KBOOT-17	KBOOT		2007-11-21	Yuri Fujise	14y 9m	
BBOB-0003	BBOB		2007-11-25	Yuri Fujise	14y 9m	
BBOB-0004	BBOB		2007-12-25	Yuri Fujise	14y 10m	
MTF-1001	MTF		2008-03-07	Yuri Fujise	15y 1m	
VDOD-0008	VDOD		2008-04-25	Yuri Fujise	15y 2m	
VDOB-0019	VDOB		2008-09-25	Yuri Fujise	15y 7m	
OHP-056	OHP		2009-02-20	Yuri Hamada	17y 8m	
LINE-009	LINE		2009-04-11	Yuri Hamada	17y 10m	
OHP-3014	OHP		2009-05-15	Yuri Hamada	17y 11m	Very Likely
OHP-061	OHP		2009-06-19	Yuri Hamada	17y 12m	Likely
JMDV-151	JMDV		2009-06-19	Yuri Hamada	17y 12m	Likely
JSSJ-003	JSSJ		2009-07-24	Yuri Hamada	18y 1m	Possibly
JSSJ-004	JSSJ		2009-08-28	Yuri Hamada	18y 2m	Unlikely
JSSJ-007	JSSJ		2009-09-25	Yuri Hamada	18y 3m	No
MMR-200	MMR		2012-09-28	Yuu Hashimoto	17y 6m	
MMR-209	MMR		2012-11-23	Yuu Hashimoto	17y 8m	
JSSJ-057	JSSJ		2013-01-25	Yuu Hashimoto	17y 10m	
DVDLGM-43	DVDLGM		2007-02-14	Yuu Komai	16y 4m	
DVDLGM-47	DVDLGM		2007-04-20	Yuu Komai	16y 7m	
AQUA2			2007-07-07	Yuu Komai	16y 9m	
OHP-3003	OHP		2007-07-20	Yuu Komai	16y 10m	
DVDLGM-51	DVDLGM		2007-09-23	Yuu Komai	16y 12m	
DVDLGM-54	DVDLGM		2008-04-26	Yuu Komai	17y 7m	
MSR-11	MSR		2008-05-23	Yuu Komai	17y 8m	
COJD-013	COJD		2008-06-27	Yuu Komai	17y 9m	
JSSJ-020	JSSJ		2010-08-20	Yuuki Minami	17y 2m	
JSSJ-024	JSSJ		2010-11-19	Yuuki Minami	17y 5m	
LINE-015	LINE		2011-01-31	Yuuki Minami	17y 7m	
OMGZ-030	OMGZ		2011-03-12	Yuuki Minami	17y 8m	
PIST-002	PIST		2011-05-23	Yuuki Minami	17y 11m	Very Likely
LINE-016	LINE		2011-09-27	Yuuki Minami	18y 3m	No
